-- phpMyAdmin SQL Dump
-- version 4.6.6
-- https://www.phpmyadmin.net/
--
-- Client :  os-dmu934
-- Généré le :  Ven 13 Octobre 2017 à 11:45
-- Version du serveur :  5.5.52-log
-- Version de PHP :  7.0.13

SET SQL_MODE = "NO_AUTO_VALUE_ON_ZERO";
SET time_zone = "+00:00";


/*!40101 SET @OLD_CHARACTER_SET_CLIENT=@@CHARACTER_SET_CLIENT */;
/*!40101 SET @OLD_CHARACTER_SET_RESULTS=@@CHARACTER_SET_RESULTS */;
/*!40101 SET @OLD_COLLATION_CONNECTION=@@COLLATION_CONNECTION */;
/*!40101 SET NAMES utf8mb4 */;

--
-- Base de données :  `bwey_stockpomy`
--

--
-- Contenu de la table `user_type`
--

INSERT INTO `user_type` (`user_type_id`, `name`, `access_level`) VALUES
(1, 'Invite', 1),
(2, 'Observation', 2),
(3, 'Formation', 4),
(4, 'MSP', 8),
(5, 'Administrateur', 16);

--
-- Contenu de la table `user`
--

INSERT INTO `user` (`user_id`, `lastname`, `firstname`, `username`, `password`, `email`, `created_date`, `user_type_id`, `is_active`) VALUES
(1, 'Orif', 'invité', 'orif', '$2y$10$MnRW5O.3LSHmoTSFA2YA9OWy0zNGInULQ5dsKVjxmhtmNZYNVa222', NULL, '0000-00-00 00:00:00', 1, 1),
(2, 'Orif', 'administrateur', 'admin', '$2y$10$t0Xp/a8NXHTDlfdEdI4Gueo3/GhVLCkxSPIaegq/NzwCH7gD92I96', NULL, '0000-00-00 00:00:00', 5, 1),
(3, 'Leiser', 'Jeremy', 'leje', '$2y$10$9L0NCXgbxG9B2RFOocqpluLKfKFzdzd/Vq/hrtFvfPQH4GFgyukHq', 'jeremy.leiser@formation.orif.ch', '0000-00-00 00:00:00', 3, 1),
(4, 'Taillard', 'Emile', 'TaEm', '$2y$10$szfepZz3LsyTbwPTkqV6o.wVeAffN7penuzbrEIX.fHJtBYpdTFrG', 'emile.taillard@formation.orif.ch', '0000-00-00 00:00:00', 3, 1),
(5, 'Wildi', 'Geoffroy', 'WiGe', '$2y$10$SOknJWP1PV00.rlftZMwm.4kfAHuTL.0jWNJAhGUOQRBoPwLv.jE6', 'geoffroylothar.wildi@formation.orif.ch', '0000-00-00 00:00:00', 3, 1);

--
-- Contenu de la table `item_condition`
--

INSERT INTO `item_condition` (`item_condition_id`, `name`) VALUES
(10, 'Fonctionnel'),
(30, 'Défectueux'),
(40, 'Plus disponible');

--
-- Contenu de la table `item_group`
--

INSERT INTO `item_group` (`item_group_id`, `name`) VALUES
(1, 'Observation'),
(2, 'Formation'),
(3, 'Moyens auxiliaires'),
(4, 'Matériel de prêt');

--
-- Contenu de la table `item_tag`
--

INSERT INTO `item_tag` (`item_tag_id`, `name`) VALUES
(1, 'Ordinateur'),
(2, 'Souris'),
(3, 'Clavier'),
(6, 'Imprimante'),
(7, 'Scanner'),
(8, 'Pavé Numérique'),
(9, 'Macrolecteur'),
(10, 'Bras d\'écran'),
(11, 'USB Bluetooth'),
(12, 'Divers'),
(13, 'Zoomtext 10'),
(14, 'Zoomtext 11'),
(15, 'Zoomtext 10.1'),
(16, 'Beamer'),
(17, 'Licences Diverses'),
(18, 'Appareil Photo');

--
-- Contenu de la table `stocking_place`
--

INSERT INTO `stocking_place` (`stocking_place_id`, `name`, `short`) VALUES
(1, 'Salle Info', 'INFO'),
(2, 'Atelier1', 'AT01'),
(3, 'Atelier2', 'AT02'),
(6, 'Armoire 36', 'ARM36'),
(7, 'Armoire 35', 'ARM35'),
(8, 'Armoire 34', 'ARM34'),
(9, 'Logiciel Téléchargeable', 'SOFTWARE'),
(10, 'Armoire 1 (Infobs)', 'ARM1IB'),
(11, 'Armoire 2 (Formation)', 'ARM2FO');

--
-- Contenu de la table `item`
--

INSERT INTO `item` (`item_id`, `inventory_number`, `name`, `description`, `image`, `serial_number`, `buying_price`, `buying_date`, `warranty_duration`, `remarks`, `linked_file`, `supplier_id`, `supplier_ref`, `created_by_user_id`, `created_date`, `modified_by_user_id`, `modified_date`, `checked_by_user_id`, `checked_date`, `stocking_place_id`, `item_condition_id`, `item_group_id`) VALUES
(1, '00-0001', 'Clavier Freestyle Solo ', 'Clavier séparé en deux', NULL, '0', 0, '2017-06-23', 0, '', NULL, NULL, '', 3, NULL, NULL, NULL, NULL, NULL, 6, 10, 3),
(2, 'DI10019', 'Clavier malvoyant', 'Clavier avec grosses lettres pour malvoyants', NULL, '0', 0, '2017-06-23', 0, '', NULL, NULL, '', 3, NULL, NULL, NULL, NULL, NULL, 6, 10, 3),
(3, '00-0002', 'Clavier malvoyant', 'Clavier avec grosses lettres pour malvoyants', NULL, '0', 0, '2017-06-23', 0, '', NULL, NULL, '', 3, NULL, NULL, NULL, NULL, NULL, 6, 10, 3),
(4, '14-6042', 'Clavier incurvé sans fil', 'Clavier Microsoft Scult Mobile sans fil', NULL, '0', 0, '2017-06-23', 0, '', NULL, NULL, '', 3, NULL, NULL, NULL, NULL, NULL, 6, 40, 3),
(5, '14-6043', 'Clavier incurvé sans fil', 'Clavier Microsoft Scult Mobile sans fil', NULL, '0', 0, '2017-06-23', 0, '', NULL, NULL, '', 3, NULL, NULL, NULL, NULL, NULL, 6, 40, 3),
(6, '07603 ', 'Clavier + souris + pavé numérique sans fil', 'Set complet Logitec avec clavier, souris, clé usb bluetooth et rallonge USB pour la clé', '20170713_152532.jpg', '', 0, '2017-06-23', 0, 'La souris est hors-service.', NULL, NULL, '', 3, NULL, NULL, NULL, NULL, NULL, 6, 10, 3),
(7, '08607', 'Clavier + souris + pavé  numérique sans fil', '', NULL, '0', 0, '2017-06-23', 0, '', NULL, NULL, '', 3, NULL, NULL, NULL, NULL, NULL, 6, 40, 3),
(8, '00-0003', 'Clavier incurvé sans fil Microsoft', 'Clavier bluetooth mobile keyboard 6000 + pavé numérique sans fil Microsoft', NULL, '0', 0, '2017-06-23', 0, '', NULL, NULL, '', 3, NULL, NULL, NULL, NULL, NULL, 6, 10, 3),
(9, '00-0004', 'Clavier incurvé sans fil Microsoft', 'Clavier bluetooth mobile keyboard 6000 + pavé numérique sans fil Microsoft + clé bluetooth Kensington', NULL, '0200920132266', 0, '2017-06-23', 0, '', NULL, NULL, '', 3, NULL, NULL, NULL, NULL, NULL, 6, 10, 3),
(10, '13-6007', 'Clavier incurvé sans fil Microsoft', 'Clavier Microsoft Scult Comfort sans fil', NULL, '', 0, '2017-06-23', 0, '', NULL, NULL, '', 3, NULL, NULL, NULL, NULL, NULL, 6, 10, 3),
(11, '00-0005', 'Clavier et souris Logitech sans fil', 'Clavier et souris sans fil', NULL, '', 0, '2017-06-23', 0, 'Le clavier, la souris et le connecteur ne sont pas présents à l\'endroit indiqué (perdu)\r\n', NULL, NULL, '', 3, NULL, NULL, NULL, NULL, NULL, 6, 40, 3),
(12, '07605', 'Clavier et souris Logitech sans fil', '', NULL, '0', 0, '2017-06-23', 0, '', NULL, NULL, '', 3, NULL, NULL, NULL, NULL, NULL, 6, 10, 3),
(13, '09601', 'Clavier et souris sans fil + connecteur Bluetooth', '', NULL, '', 0, '2017-06-23', 0, '', NULL, NULL, '', 3, NULL, NULL, NULL, NULL, NULL, 6, 10, 3),
(14, '00-0006', 'Clavier Mal-Voyants (Lettres jaunes)', '', NULL, 'BC3320CCZVA4GQ', 0, '2017-06-23', 0, '', NULL, NULL, '', 3, NULL, NULL, NULL, NULL, NULL, 1, 10, 3),
(15, '00-0007', 'Clavier Mal-Voyants (Lettres blanches)', 'Clavier normal noir avec grosses lettres blanches', NULL, 'G 0002999', 0, '2017-06-23', 0, '', NULL, NULL, '', 3, NULL, NULL, NULL, NULL, NULL, 6, 10, 3),
(16, '00-0008', 'Clavier Mal-Voyants (Lettres blanches)', 'Clavier normal noir avec grosses lettres blanches', NULL, 'G 0003005', 0, '2017-06-23', 0, '', NULL, NULL, '', 3, NULL, NULL, NULL, NULL, NULL, 6, 10, 3),
(17, '00-0009', 'Clavier Mal-Voyants (Lettres blanches)', 'Clavier normal noir avec grosses lettres blanches', NULL, 'G 0003188', 0, '2017-06-23', 0, '', NULL, NULL, '', 3, NULL, NULL, NULL, NULL, NULL, 6, 10, 3),
(18, '00-0010', 'Clavier Mal-Voyants (Lettres blanches)', 'Clavier normal noir avec grosses  lettres blanche', NULL, 'SD-2822-0605', 0, '2017-06-23', 0, '', NULL, NULL, '', 3, NULL, NULL, NULL, NULL, NULL, 6, 10, 3),
(19, '002387', 'Clavier sans pavé numérique', 'Clavier sans pavé numérique', NULL, '', 0, '2017-06-23', 0, '', NULL, NULL, '', 3, NULL, NULL, NULL, NULL, NULL, 6, 10, 3),
(20, '002394', 'Clavier sans pavé numérique', '', NULL, '', 0, '2017-06-23', 0, '', NULL, NULL, '', 3, NULL, NULL, NULL, NULL, NULL, 6, 40, 3),
(21, '001977', 'Clavier sans pavé numérique', '', NULL, '', 0, '2017-06-23', 0, '', NULL, NULL, '', 3, NULL, NULL, NULL, NULL, NULL, 6, 10, 3),
(22, ' C000405', 'Clavier sans pavé numérique avec trackball', '', NULL, '', 0, '2017-06-23', 0, '', NULL, NULL, '', 3, NULL, NULL, NULL, NULL, NULL, 6, 10, 3),
(23, 'C000406', 'Clavier sans pavé numérique  avec trackball', '', NULL, '0', 0, '2017-06-23', 0, '', NULL, NULL, '', 3, NULL, NULL, NULL, NULL, NULL, 6, 10, 3),
(24, '02603', 'Clavier incurvé Natural Chicony', '', NULL, '', 0, '2017-06-23', 0, '', NULL, NULL, '', 3, NULL, NULL, NULL, NULL, NULL, 6, 10, 3),
(25, '02604', 'Clavier incurvé Natural Chicony', '', NULL, '', 0, '2017-06-23', 0, '', NULL, NULL, '', 3, NULL, NULL, NULL, NULL, NULL, 6, 10, 3),
(26, '02605', 'Clavier incurvé Natural Chicony', '', NULL, '0', 0, '2017-06-23', 0, '', NULL, NULL, '', 3, NULL, NULL, NULL, NULL, NULL, 6, 40, 3),
(27, '00601', 'Clavier incurvé Natural Chicony', '', NULL, '', 0, '2017-06-23', 0, '', NULL, NULL, '', 3, NULL, NULL, NULL, NULL, NULL, 6, 10, 3),
(28, 'DI10003', 'Pavé numérique Logitech sans fil', '', NULL, '0', 0, '2017-06-23', 0, 'Manque l\'émetteur Logitech (clé USB)', NULL, NULL, '', 3, NULL, NULL, NULL, NULL, NULL, 6, 30, 3),
(29, 'DI10002', 'Pavé numérique Logitech sans fil', '', NULL, '0', 0, '2017-06-23', 0, '', NULL, NULL, '', 3, NULL, NULL, NULL, NULL, NULL, 6, 10, 3),
(30, '00-0011', 'Pavé numérique souple', 'Pavé numérique souple à fil', NULL, '', 0, '2017-06-23', 0, '', NULL, NULL, '', 3, NULL, NULL, NULL, NULL, NULL, 6, 10, 3),
(31, '14-6045', 'Pavé numérique Cherry', '', NULL, '', 0, '2017-06-23', 0, '', NULL, NULL, '', 3, NULL, NULL, NULL, NULL, NULL, 6, 10, 3),
(32, '14-6044', 'Pavé numérique Cherry', '', NULL, '', 0, '2017-06-23', 0, '', NULL, NULL, '', 3, NULL, NULL, NULL, NULL, NULL, 6, 10, 3),
(33, '00-0012', 'Set clavier bluetooth Sculpt Ergonomic', '', NULL, '625000058355', 0, '2017-06-23', 0, '', NULL, NULL, '', 3, NULL, NULL, NULL, NULL, NULL, 6, 10, 3),
(34, '13-6005', 'Wedge Mobile Clavier', 'Mini clavier sans fil', NULL, '', 0, '2017-06-23', 0, '', NULL, NULL, '', 3, NULL, NULL, NULL, NULL, NULL, 6, 10, 3),
(35, '13-6006', 'Wedge Mobile Clavier', 'Mini clavier sans fil', NULL, '', 0, '2017-06-23', 0, '', NULL, NULL, '', 3, NULL, NULL, NULL, NULL, NULL, 6, 10, 3),
(36, '05614', 'Set clavier+souris+émetteur bluetooth Logitech', '', NULL, '0', 0, '2017-06-23', 0, '', NULL, NULL, '', 3, NULL, NULL, NULL, NULL, NULL, 6, 10, 3),
(37, '00-0013', 'Clavier Microsoft Natural Ergonomic 4000', '', NULL, '7687605548685', 0, '2017-06-23', 0, '', NULL, NULL, '', 3, NULL, NULL, NULL, NULL, NULL, 6, 10, 3),
(38, '14-6050', 'Clavier Logitech Illuminated', '', NULL, '0', 0, '2017-06-23', 0, '', NULL, NULL, '', 3, NULL, NULL, NULL, NULL, NULL, 6, 10, 3),
(39, '14-6047', 'Clavier Logitech Illuminated', '', NULL, '0', 0, '2017-06-23', 0, '', NULL, NULL, '', 3, NULL, NULL, NULL, NULL, NULL, 6, 10, 3),
(40, '14-6048', 'Clavier Logitech Illuminated', '', NULL, '0', 0, '2017-06-23', 0, '', NULL, NULL, '', 3, NULL, NULL, NULL, NULL, NULL, 6, 10, 3),
(41, '14-6046', 'Clavier Logitech Illuminated', '', NULL, '0', 0, '2017-06-23', 0, '', NULL, NULL, '', 3, NULL, NULL, NULL, NULL, NULL, 6, 10, 3),
(42, '00-0014', 'Clavier Logitech Illuminated', '', NULL, '0', 0, '2017-06-23', 0, '', NULL, NULL, '', 3, NULL, NULL, NULL, NULL, NULL, 6, 10, 3),
(43, '00-0015', 'Clavier Logitech Illuminated', '', NULL, '0', 0, '2017-06-23', 0, '', NULL, NULL, '', 3, NULL, NULL, NULL, NULL, NULL, 6, 10, 3),
(44, '00-0016', 'Clavier Logitech Illuminated', '', NULL, '0', 0, '2017-06-23', 0, '', NULL, NULL, '', 3, NULL, NULL, NULL, NULL, NULL, 6, 10, 3),
(45, '00-0017', 'Clavier normal FST', '', NULL, '9504002272', 0, '2017-06-23', 0, '', NULL, NULL, '', 3, NULL, NULL, NULL, NULL, NULL, 6, 10, 3),
(46, '16-6051', 'Clavier Logitech Illuminated', '', NULL, '0', 0, '2017-06-23', 0, '', NULL, NULL, '', 3, NULL, NULL, NULL, NULL, NULL, 6, 10, 3),
(47, '16-6052', 'Clavier Logitech Illuminated', '', NULL, '0', 0, '2017-06-23', 0, '', NULL, NULL, '', 3, NULL, NULL, NULL, NULL, NULL, 6, 10, 3),
(48, '16-6053', 'Clavier Logitech Illuminated', '', NULL, '', 0, '2017-06-23', 0, '', NULL, NULL, '', 3, NULL, NULL, NULL, NULL, NULL, 6, 10, 3),
(49, '00-0018', 'Clavier Microsoft Natural Ergonomic 4000', '', NULL, '7687605548694', 0, '2017-06-23', 0, '', NULL, NULL, '', 3, NULL, NULL, NULL, NULL, NULL, 6, 10, 3),
(50, '00-0019', 'Clavier Logitech Illuminated', '', NULL, '1548LZ0E8ZQ8', 0, '2017-06-23', 0, '', NULL, NULL, '', 3, NULL, NULL, NULL, NULL, NULL, 6, 10, 3),
(51, '14-6049', 'Clavier Logitech Illuminated', '', NULL, '', 0, '2017-06-23', 0, '', NULL, NULL, '', 3, NULL, NULL, NULL, NULL, NULL, 6, 10, 3),
(52, 'PO150382', 'PC portable HP', '', 'DSCN0436.JPG', '5CG5202W8H', 0, '2017-06-23', 0, '', NULL, NULL, '', 3, NULL, NULL, NULL, NULL, NULL, 7, 10, 4),
(53, 'PO170068', 'PC portable HP', '', 'DSCN0445.JPG', '5CG7075T0D', 0, '2017-06-23', 0, '', NULL, NULL, '', 3, NULL, NULL, NULL, NULL, NULL, 7, 10, 4),
(54, '00-0020', 'Souris Ergo Marble Logitech', 'Trackball', NULL, '804377-0000', 0, '2017-06-23', 0, '', NULL, NULL, '', 3, NULL, NULL, NULL, NULL, NULL, 6, 10, 3),
(55, '00-0021', 'Souris Ergo Marble Logitech', 'Trackball', NULL, '810-000767', 0, '2017-06-23', 0, '', NULL, NULL, '', 3, NULL, NULL, NULL, NULL, NULL, 1, 10, 3),
(56, '00-0022', 'Souris Ergo Trackman Wheel Logitech', 'Trackball', NULL, '810-000766', 0, '2017-06-23', 0, '', NULL, NULL, '', 3, NULL, NULL, NULL, NULL, NULL, 6, 10, 3),
(57, '02606', 'Souris Ergo Trackman Wheel Logitech', '', NULL, '', 0, '2017-06-23', 0, '', NULL, NULL, '', 3, NULL, NULL, NULL, NULL, NULL, 6, 10, 3),
(58, '00-0023', 'Souris Joystick', '', NULL, '143 0629 C', 0, '2017-06-23', 0, '', NULL, NULL, '', 3, NULL, NULL, NULL, NULL, NULL, 6, 10, 3),
(59, 'DI10016', 'Souris Joystick', '', NULL, '0', 0, '2017-06-23', 0, '', NULL, NULL, '', 3, NULL, NULL, NULL, NULL, NULL, 6, 10, 3),
(60, '09618', 'Souris Petite taille Logitech', '', NULL, '', 0, '2017-06-23', 0, 'Manquant', NULL, NULL, '', 3, NULL, NULL, NULL, NULL, NULL, 6, 40, 3),
(61, '09617', 'Souris Petite taille Logitech', '', NULL, '', 0, '2017-06-23', 0, '', NULL, NULL, '', 3, NULL, NULL, NULL, NULL, NULL, 6, 10, 3),
(62, '13-6004', 'Souris verticale Evoluent', '', NULL, '', 0, '2017-06-23', 0, '', NULL, NULL, '', 3, NULL, NULL, NULL, NULL, NULL, 6, 10, 3),
(63, '13-6041', 'Souris verticale Evoluent', '', NULL, '', 0, '2017-06-23', 0, 'Manquant', NULL, NULL, '', 3, NULL, NULL, NULL, NULL, NULL, 6, 10, 3),
(64, '14-6003', 'Souris verticale Evoluent', '', NULL, '0', 0, '2017-06-23', 0, '', NULL, NULL, '', 3, NULL, NULL, NULL, NULL, NULL, 6, 10, 3),
(65, '00-0024', 'Souris verticale Evoluent', '', NULL, '04100913316', 0, '2017-06-23', 0, '', NULL, NULL, '', 3, NULL, NULL, NULL, NULL, NULL, 6, 10, 3),
(66, '00-0025', 'Souris-bague', '', NULL, '3G0006785', 0, '2017-06-23', 0, '', NULL, NULL, '', 3, NULL, NULL, NULL, NULL, NULL, 6, 10, 3),
(67, '00-0026', 'Souris-bague', '', NULL, '311 01018', 0, '2017-06-23', 0, '', NULL, NULL, '', 3, NULL, NULL, NULL, NULL, NULL, 6, 10, 3),
(69, '00-0027', 'Souris Ergoption OysterMouse', '', NULL, '0', 0, '2017-06-23', 0, 'Veuillez n\'utiliser qu\'avec la clé USB fournie, et cette dernière qu\'avec cette souris', NULL, NULL, '', 3, NULL, NULL, NULL, NULL, NULL, 6, 10, 3),
(70, '00-0028', 'Souris Ergoption OysterMouse', '', NULL, '150500697', 0, '2017-06-23', 0, 'Veuillez n\'utiliser qu\'avec la clé USB fournie, et cette dernière qu\'avec cette souris', NULL, NULL, '', 3, NULL, NULL, NULL, NULL, NULL, 6, 10, 3),
(71, '13-6008', 'Pavé tactile USB', '', NULL, '', 0, '2017-06-23', 0, '', NULL, NULL, '', 3, NULL, NULL, NULL, NULL, NULL, 6, 10, 3),
(72, '00-0029', 'Logitech Ultrathin Touch Mouse', '', NULL, '1535LZ0ADT38', 0, '2017-06-23', 0, '', NULL, NULL, '', 3, NULL, NULL, NULL, NULL, NULL, 6, 10, 3),
(73, '00-0030', 'Logitech Ultrathin Touch Mouse', '', NULL, '1535LZ0ADZM8', 0, '2017-06-23', 0, '', NULL, NULL, '', 3, NULL, NULL, NULL, NULL, NULL, 6, 10, 3),
(74, '00-0031', 'Logitech Ultrathin Touch Mouse', '', NULL, '1535LZ0ADWC8', 0, '2017-06-23', 0, '', NULL, NULL, '', 3, NULL, NULL, NULL, NULL, NULL, 6, 10, 3),
(75, '0682', 'Souris Ergo Trackman Wheel Logitech', '', NULL, '', 0, '2017-06-23', 0, 'Trackball', NULL, NULL, '', 3, NULL, NULL, NULL, NULL, NULL, 6, 10, 3),
(76, '00-0032', 'Microsoft Sculpt Ergonomic Mouse', '', NULL, '', 0, '2017-06-23', 0, '', NULL, NULL, '', 3, NULL, NULL, NULL, NULL, NULL, 6, 10, 3),
(77, '16-0305', 'Logitech Ultrathin Touch Mouse', '', NULL, '', 0, '2017-06-23', 0, '', NULL, NULL, '', 3, NULL, NULL, NULL, NULL, NULL, 6, 10, 3),
(78, '00-0033', 'Logitech Ultrathin Touch Mouse', '', NULL, '1333LZODD1A8', 0, '2017-06-23', 0, '', NULL, NULL, '', 3, NULL, NULL, NULL, NULL, NULL, 6, 10, 3),
(79, '00-0034', 'Logitech Ultrathin Touch Mouse', '', NULL, '1333LZOAU558', 0, '2017-06-23', 0, '', NULL, NULL, '', 3, NULL, NULL, NULL, NULL, NULL, 6, 10, 3),
(80, '00-0035', 'Logitech Ultrathin Touch Mouse', '', NULL, '1333LZOAU5V8', 0, '2017-06-23', 0, '', NULL, NULL, '', 3, NULL, NULL, NULL, NULL, NULL, 6, 10, 3),
(81, '14-6041', 'Souris verticale Evoluent', '', NULL, '', 0, '2017-06-23', 0, 'Souris droitier', NULL, NULL, '', 3, NULL, NULL, NULL, NULL, NULL, 6, 10, 3),
(84, '14-7002', 'Macrolecteur Optelec', '', NULL, '', 0, '2017-06-26', 0, 'écran 24\'\'', NULL, NULL, '', 3, NULL, NULL, NULL, NULL, NULL, 8, 10, 3),
(85, '14-7001', 'Macrolecteur Vocatex', '', NULL, '', 0, '2017-06-26', 0, 'écran 22\'\'', NULL, NULL, '', 3, NULL, NULL, NULL, NULL, NULL, 8, 10, 3),
(86, '00-0036', 'Reinecker Topolino Capo', '', NULL, '0', 0, '2017-06-26', 0, 'Manquant', NULL, NULL, '', 3, NULL, NULL, NULL, NULL, NULL, 6, 40, 3),
(87, '00-0037', 'Reinecker Uno', '', NULL, ' G49492079', 0, '2017-06-26', 0, '', NULL, NULL, '', 3, NULL, NULL, NULL, NULL, NULL, 7, 10, 3),
(88, '0847', 'Reinecker Uno', '', NULL, '', 0, '2017-06-26', 0, '', NULL, NULL, '', 3, NULL, NULL, NULL, NULL, NULL, 6, 10, 3),
(89, '0861', 'Reinecker Uno', '', NULL, '', 0, '2017-06-26', 0, '', NULL, NULL, '', 3, NULL, NULL, NULL, NULL, NULL, 7, 10, 3),
(90, 'G49560343', 'Reinecker Uno', '', NULL, '', 0, '2017-06-26', 0, '', NULL, NULL, '', 3, NULL, NULL, NULL, NULL, NULL, 6, 30, 3),
(91, '00-0038', 'Reinecker Uno', '', NULL, 'J 100 600 810', 0, '2017-06-26', 0, '', NULL, NULL, '', 3, NULL, NULL, NULL, NULL, NULL, 6, 10, 3),
(92, '00-0039', 'Reinecker Videomatic Lux', '', NULL, ' K1211-14-191', 0, '2017-06-26', 0, '', NULL, NULL, '', 3, NULL, NULL, NULL, NULL, NULL, 7, 10, 3),
(93, '00-0040', 'Reinecker Videomatic Lux', '', NULL, 'J 100 103 240', 0, '2017-06-26', 0, '', NULL, NULL, '', 3, NULL, NULL, NULL, NULL, NULL, 6, 10, 3),
(94, '00-0041', 'Reinecker Videomatic Lux', '', NULL, 'J 100 502 150', 0, '2017-06-26', 0, '', NULL, NULL, '', 3, NULL, NULL, NULL, NULL, NULL, 6, 10, 3),
(95, '065895', 'MagniLink Student Pro', '', NULL, '', 0, '2017-06-26', 0, '', NULL, NULL, '', 3, NULL, NULL, NULL, NULL, NULL, 7, 10, 3),
(96, '00-0042', 'Bras Ergotron LX', '', 'DSCN0440.JPG', '1181419-0251', 0, '2017-06-29', 0, '', NULL, NULL, '', 3, NULL, NULL, NULL, NULL, NULL, 8, 10, 3),
(97, '00-0043', 'Bras Ergotron LX', '', 'DSCN04401.JPG', '1181459-1208', 0, '2017-06-29', 0, '', NULL, NULL, '', 3, NULL, NULL, NULL, NULL, NULL, 8, 10, 3),
(98, '00-0044', 'Bras Ergotron LX', '', 'DSCN04402.JPG', '', 0, '2017-06-29', 0, '', NULL, NULL, '', 3, NULL, NULL, NULL, NULL, NULL, 8, 10, 3),
(99, '00-0045', 'Bras Ergotron LX', '', 'DSCN04403.JPG', '', 0, '2017-06-29', 0, '', NULL, NULL, '', 3, NULL, NULL, NULL, NULL, NULL, 8, 10, 3),
(100, '00-0046', 'Bras Ergotron LX', '', 'DSCN04404.JPG', '', 0, '2017-06-29', 0, '', NULL, NULL, '', 3, NULL, NULL, NULL, NULL, NULL, 8, 10, 3),
(101, '00-0047', 'Bras Ergotron LX', '', 'DSCN04405.JPG', '', 0, '2017-06-29', 0, '', NULL, NULL, '', 3, NULL, NULL, NULL, NULL, NULL, 8, 10, 3),
(102, '00-0048', 'Bras Ergotron LX', '', 'DSCN04406.JPG', '', 0, '2017-06-29', 0, '', NULL, NULL, '', 3, NULL, NULL, NULL, NULL, NULL, 8, 10, 3),
(103, '00-0049', 'Bras Ergotron LX', '', 'DSCN04407.JPG', '', 0, '2017-06-29', 0, '', NULL, NULL, '', 3, NULL, NULL, NULL, NULL, NULL, 8, 10, 3),
(104, '00-0050', 'Bras Ergotron LX', '', 'DSCN04408.JPG', '', 0, '2017-06-29', 0, '', NULL, NULL, '', 3, NULL, NULL, NULL, NULL, NULL, 8, 10, 3),
(105, '00-0051', 'Bras Ergotron LX', '', 'DSCN04409.JPG', '', 0, '2017-06-29', 0, '', NULL, NULL, '', 3, NULL, NULL, NULL, NULL, NULL, 8, 10, 3),
(106, '00-0052', 'Bras Ergotron LX', '', 'DSCN044010.JPG', '', 0, '2017-06-29', 0, '', NULL, NULL, '', 3, NULL, NULL, NULL, NULL, NULL, 8, 10, 3),
(107, '00-0053', 'Bras Ergotron LX', '', 'DSCN044011.JPG', '', 0, '2017-06-29', 0, '', NULL, NULL, '', 3, NULL, NULL, NULL, NULL, NULL, 8, 10, 3),
(108, '00-0054', 'Bras Ergotron LX', '', 'DSCN044012.JPG', '', 0, '2017-06-29', 0, '', NULL, NULL, '', 3, NULL, NULL, NULL, NULL, NULL, 8, 10, 3),
(109, '00-0055', 'Bras Ergotron LX', '', 'DSCN044013.JPG', '', 0, '2017-06-29', 0, '', NULL, NULL, '', 3, NULL, NULL, NULL, NULL, NULL, 8, 10, 3),
(110, '00-0056', 'Bras Ergotron LX', '', 'DSCN044014.JPG', '', 0, '2017-06-29', 0, '', NULL, NULL, '', 3, NULL, NULL, NULL, NULL, NULL, 8, 10, 3),
(111, '00-0057', 'Bras Ergotron LX', '', 'DSCN044015.JPG', '', 0, '2017-06-29', 0, '', NULL, NULL, '', 3, NULL, NULL, NULL, NULL, NULL, 8, 10, 3),
(112, '00-0058', 'Bras Ergotron LX', '', 'DSCN044016.JPG', '', 0, '2017-06-29', 0, '', NULL, NULL, '', 3, NULL, NULL, NULL, NULL, NULL, 8, 10, 3),
(113, '00-0059', 'Bras Ergotron LX', '', 'DSCN044017.JPG', '', 0, '2017-06-29', 0, '', NULL, NULL, '', 3, NULL, NULL, NULL, NULL, NULL, 8, 10, 3),
(114, '00-0060', 'Bras Ergotron LX', '', 'DSCN044018.JPG', '', 0, '2017-06-29', 0, '', NULL, NULL, '', 3, NULL, NULL, NULL, NULL, NULL, 8, 10, 3),
(115, '11-001', 'Zoomtext 11', 'Licence n°1', NULL, '0', 0, '2017-06-29', 0, '', NULL, NULL, '', 3, NULL, NULL, NULL, NULL, NULL, 9, 10, 3),
(116, '11-002', 'Zoomtext 11', 'Licence n°2', NULL, '0', 0, '2017-06-29', 0, '', NULL, NULL, '', 3, NULL, NULL, NULL, NULL, NULL, 9, 10, 3),
(117, '11-003', 'Zoomtext 11', 'Licence n°3', NULL, '0', 0, '2017-06-29', 0, '', NULL, NULL, '', 3, NULL, NULL, NULL, NULL, NULL, 9, 10, 3),
(118, '11-004', 'Zoomtext 11', 'Licence n°4', NULL, '0', 0, '2017-06-29', 0, '', NULL, NULL, '', 3, NULL, NULL, NULL, NULL, NULL, 9, 10, 3),
(119, 'Licence 5', 'Zoomtext 11', '', NULL, '', 0, '2017-06-29', 0, '', NULL, NULL, '', 3, NULL, NULL, NULL, NULL, NULL, 9, 10, 3),
(120, 'Licence 6', 'Zoomtext 11', '', NULL, '', 0, '2017-06-29', 0, '', NULL, NULL, '', 3, NULL, NULL, NULL, NULL, NULL, 9, 10, 3),
(121, 'Licence 7', 'Zoomtext 11', '', NULL, '', 0, '2017-06-29', 0, '', NULL, NULL, '', 3, NULL, NULL, NULL, NULL, NULL, 9, 10, 3),
(122, 'Licence 8', 'Zoomtext 11', '', NULL, '', 0, '2017-06-29', 0, '', NULL, NULL, '', 3, NULL, NULL, NULL, NULL, NULL, 9, 10, 3),
(123, 'Licence 9', 'Zoomtext 11', '', NULL, '', 0, '2017-06-29', 0, '', NULL, NULL, '', 3, NULL, NULL, NULL, NULL, NULL, 9, 10, 3),
(124, 'Licence 10', 'Zoomtext 11', '', NULL, '', 0, '2017-06-29', 0, '', NULL, NULL, '', 3, NULL, NULL, NULL, NULL, NULL, 9, 10, 3),
(125, 'Licence 11', 'Zoomtext 11', '', NULL, '', 0, '2017-06-29', 0, '', NULL, NULL, '', 3, NULL, NULL, NULL, NULL, NULL, 9, 10, 3),
(126, 'Licence 12', 'Zoomtext 11', '', NULL, '', 0, '2017-06-29', 0, '', NULL, NULL, '', 3, NULL, NULL, NULL, NULL, NULL, 9, 10, 3),
(127, 'Licence 13', 'Zoomtext 11', '', NULL, '', 0, '2017-06-29', 0, '', NULL, NULL, '', 3, NULL, NULL, NULL, NULL, NULL, 9, 10, 3),
(128, 'Licence 14', 'Zoomtext 11', '', NULL, '', 0, '2017-06-29', 0, '', NULL, NULL, '', 3, NULL, NULL, NULL, NULL, NULL, 9, 10, 3),
(129, 'Licence 15', 'Zoomtext 11', '', NULL, '', 0, '2017-06-29', 0, '', NULL, NULL, '', 3, NULL, NULL, NULL, NULL, NULL, 9, 10, 3),
(130, '10-001', 'Zoomtext 10.1', 'Licence n°1', NULL, '', 0, '2017-06-29', 0, '', NULL, NULL, '', 3, NULL, NULL, NULL, NULL, NULL, 9, 10, 3),
(131, '10-002', 'Zoomtext 10.1', 'Licence n°2', NULL, '0', 0, '2017-06-29', 0, '', NULL, NULL, '', 3, NULL, NULL, NULL, NULL, NULL, 9, 10, 3),
(132, '10-003', 'Zoomtext 10.1', 'Licence n°3', NULL, '', 0, '2017-06-29', 0, '', NULL, NULL, '', 3, NULL, NULL, NULL, NULL, NULL, 9, 10, 3),
(133, '10-004', 'Zoomtext 10.1', 'Licence n°4', NULL, '', 0, '2017-06-29', 0, '', NULL, NULL, '', 3, NULL, NULL, NULL, NULL, NULL, 9, 10, 3),
(134, '10-005', 'Zoomtext 10', 'Licence n°5', NULL, '0', 0, '2017-06-29', 0, '', NULL, NULL, '', 3, NULL, NULL, NULL, NULL, NULL, 9, 10, 3),
(135, '10-006', 'Zoomtext 10', 'licence n°6', NULL, '0', 0, '2017-06-29', 0, '', NULL, NULL, '', 3, NULL, NULL, NULL, NULL, NULL, 9, 10, 3),
(136, '10-007', 'Zoomtext 10', 'Licence n°7', NULL, '0', 0, '2017-06-29', 0, '', NULL, NULL, '', 3, NULL, NULL, NULL, NULL, NULL, 9, 10, 3),
(137, '10-008', 'Zoomtext 10', 'Licence n°8', NULL, '0', 0, '2017-06-29', 0, '', NULL, NULL, '', 3, NULL, NULL, NULL, NULL, NULL, 9, 10, 3),
(138, '10-009', 'Zoomtext 10.1', 'Licence n°9', NULL, '0', 0, '2017-06-29', 0, '', NULL, NULL, '', 3, NULL, NULL, NULL, NULL, NULL, 9, 10, 3),
(139, '10-0010', 'Zoomtext 10', 'Licence n°10', NULL, '0', 0, '2017-06-29', 0, '', NULL, NULL, '', 3, NULL, NULL, NULL, NULL, NULL, 9, 10, 3),
(140, '10-0011', 'Zoomtext 10', 'Licence n°11', NULL, '0', 0, '2017-06-29', 0, '', NULL, NULL, '', 3, NULL, NULL, NULL, NULL, NULL, 9, 10, 3),
(141, '10-0012', 'Zoomtext 10', 'Licence n°12', NULL, '', 0, '2017-06-29', 0, '', NULL, NULL, '', 3, NULL, NULL, NULL, NULL, NULL, 9, 10, 3),
(142, '10-0013', 'Zoomtext 10.1', 'Licence n°13', NULL, '', 0, '2017-06-29', 0, '', NULL, NULL, '', 3, NULL, NULL, NULL, NULL, NULL, 9, 10, 3),
(143, '10-0014', 'Zoomtext 10', 'Licence n°14', NULL, '', 0, '2017-06-29', 0, '', NULL, NULL, '', 3, NULL, NULL, NULL, NULL, NULL, 9, 10, 3),
(144, '10-0015', 'Zoomtext 10', 'Licence n°15', NULL, '', 0, '2017-06-30', 0, '', NULL, NULL, '', 3, NULL, NULL, NULL, NULL, NULL, 9, 10, 3),
(145, '00-0062', 'Gaufrier Ricoh Fuser', '', NULL, '', 0, '2017-06-30', 0, '', NULL, NULL, '', 3, NULL, NULL, NULL, NULL, NULL, 7, 10, 3),
(146, '00-0063', 'Dragon NaturallySpeaking Premium V.13', '', NULL, '0', 0, '2017-06-30', 0, '', NULL, NULL, '', 3, NULL, NULL, NULL, NULL, NULL, 9, 10, 3),
(147, '04903', 'Beamer Mistubishi', '', NULL, '', 0, '2017-07-03', 0, '', NULL, NULL, '', 3, NULL, NULL, NULL, NULL, NULL, 7, 10, 3),
(148, '00-1608', 'PC atelier Compaq EVO infobs', '', NULL, '', 0, '2017-07-06', 0, '', NULL, NULL, '', 4, NULL, NULL, NULL, NULL, NULL, 10, 10, 1),
(149, '00-1070', 'PC atelier Compaq EVO infobs', '', NULL, '', 0, '2017-07-06', 0, '', NULL, NULL, '', 4, NULL, NULL, NULL, NULL, NULL, 10, 10, 1),
(150, '00-1072', 'PC atelier Compaq EVO infobs', '', NULL, '', 0, '2017-07-06', 0, '', NULL, NULL, '', 4, NULL, NULL, NULL, NULL, NULL, 10, 10, 1),
(151, '06-1001', '\"PC \"\"maintenance\"\" Boitier grande tour - Pentium 4 3GHz - DDR2 1Gb HD 120Gb - lecteur/graveur DVD\"', '', NULL, '', 0, '2017-07-06', 0, '', NULL, NULL, '', 4, NULL, NULL, NULL, NULL, NULL, 2, 30, 1),
(152, '06-2001', 'Clé USB bluetooth (MSI)', '', NULL, '', 0, '2017-07-06', 0, '', NULL, NULL, '', 4, NULL, NULL, NULL, NULL, NULL, 11, 40, 1),
(153, '06-2002', 'Clé USB bluetooth (MSI)', '', NULL, '', 0, '2017-07-06', 0, '', NULL, NULL, '', 4, NULL, NULL, NULL, NULL, NULL, 11, 40, 1),
(154, '06-2005', 'Clé USB Wifi (ROLINE)', '', NULL, '', 0, '2017-07-06', 0, '', NULL, NULL, '', 4, NULL, NULL, NULL, NULL, NULL, 11, 40, 1),
(155, '06-2008', 'Carte PCI Wifi (D-LINK)', '', NULL, '', 0, '2017-07-06', 0, '', NULL, NULL, '', 4, NULL, NULL, NULL, NULL, NULL, 11, 40, 1),
(156, '06-2009', 'Routeur Câble/xDSL, Firewall, VPN (NETGEAR)', '', NULL, '', 0, '2017-07-06', 0, '', NULL, NULL, '', 4, NULL, NULL, NULL, NULL, NULL, 11, 40, 1),
(157, '06-2010', 'Routeur Câble/xDSL, Firewall, point d\'accès Wifi (NETGEAR)', '', NULL, '', 0, '2017-07-06', 0, '', NULL, NULL, '', 4, NULL, NULL, NULL, NULL, NULL, 11, 10, 1),
(158, '06-2011', 'Carte Ethernet 10/100 (3COM)', '', NULL, '', 0, '2017-07-06', 0, '', NULL, NULL, '', 4, NULL, NULL, NULL, NULL, NULL, 2, 10, 1),
(159, '06-2013', 'Carte Ethernet 10/100 (3COM)', '', NULL, '', 0, '2017-07-06', 0, '', NULL, NULL, '', 4, NULL, NULL, NULL, NULL, NULL, 2, 10, 1),
(160, '06-2014', 'Print Server 1 port parallèle, 2 ports USB (SURECOM)', '', NULL, '', 0, '2017-07-06', 0, '', NULL, NULL, '', 4, NULL, NULL, NULL, NULL, NULL, 11, 10, 1),
(161, '06-2015', 'Switch Ethernet 10/100, 8 ports (PLANET)', '', NULL, '', 0, '2017-07-06', 0, '', NULL, NULL, '', 4, NULL, NULL, NULL, NULL, NULL, 11, 10, 1),
(162, '06-2016', 'Switch Ethernet 10/100, 8 ports (PLANET)', '', NULL, '', 0, '2017-07-06', 0, '', NULL, NULL, '', 4, NULL, NULL, NULL, NULL, NULL, 11, 10, 1),
(163, '06-2017', 'Switch Ethernet 10/100, 8 ports (PLANET)', '', NULL, '', 0, '2017-07-06', 0, '', NULL, NULL, '', 4, NULL, NULL, NULL, NULL, NULL, 11, 40, 1),
(164, '06-2018', 'Modem analogique 56k USB (US ROBOTICS)', '', NULL, '', 0, '2017-07-06', 0, '', NULL, NULL, '', 4, NULL, NULL, NULL, NULL, NULL, 11, 40, 1),
(165, '06-5006', 'Boitier disque dur externe 3.5\'\' SATA, USB/Firewire (DATA-TEC)', '', NULL, '', 0, '2017-07-06', 0, '', NULL, NULL, '', 4, NULL, NULL, NULL, NULL, NULL, 11, 40, 1),
(166, '06-6001', 'Casque mains-libres bluetooth (MSI)', '', NULL, '', 0, '2017-07-06', 0, '', NULL, NULL, '', 4, NULL, NULL, NULL, NULL, NULL, 11, 10, 1),
(167, '06-6002', 'Casque mains-libres bluetooth (MSI)', '', NULL, '', 0, '2017-07-06', 0, '', NULL, NULL, '', 4, NULL, NULL, NULL, NULL, NULL, 11, 10, 1),
(168, '06-6004', 'Scanner A4 (CANON)', '', NULL, '', 0, '2017-07-06', 0, '', NULL, NULL, '', 4, NULL, NULL, NULL, NULL, NULL, 1, 10, 1),
(169, '06-9001', 'Malette d\'outillage pour réseau', '', NULL, '', 0, '2017-07-06', 0, '', NULL, NULL, '', 4, NULL, NULL, NULL, NULL, NULL, 10, 10, 1),
(170, '06-9002', 'Trousse à outils', '', NULL, '', 0, '2017-07-06', 0, '', NULL, NULL, '', 4, NULL, NULL, NULL, NULL, NULL, 11, 10, 1),
(171, '06-9003', 'Pince à sertir', '', NULL, '', 0, '2017-07-06', 0, '', NULL, NULL, '', 4, NULL, NULL, NULL, NULL, NULL, 11, 10, 1),
(172, '07-1007', '\"Serveur NAS BUFFALO TeraStation Pro II 1To (4x250Go) - RAID 0 - 1 - 5 - 10\"', '', NULL, '', 0, '2017-07-06', 0, '', NULL, NULL, '', 4, NULL, NULL, NULL, NULL, NULL, 3, 30, 1),
(173, '07-2020', 'Switch Ethernet 10/100, 8 ports (D-LINK)', '', NULL, '', 0, '2017-07-06', 0, '', NULL, NULL, '', 4, NULL, NULL, NULL, NULL, NULL, 11, 10, 1),
(174, '07-6011', 'Hub USB externe 4 ports (BRAVO)', '', NULL, '', 0, '2017-07-06', 0, '', NULL, NULL, '', 4, NULL, NULL, NULL, NULL, NULL, 11, 10, 1),
(175, '07-6012', 'Lecteur disquette externe USB (Iomega)', '', NULL, '', 0, '2017-07-06', 0, '', NULL, NULL, '', 4, NULL, NULL, NULL, NULL, NULL, 10, 10, 1),
(176, '07-6021', 'Presenter Powerpoint (Logitech)', '', NULL, '', 0, '2017-07-06', 0, '', NULL, NULL, '', 4, NULL, NULL, NULL, NULL, NULL, 1, 10, 1),
(177, '08-0001', '\"Notebook Power Adapter Alimentation universelle\"', '', NULL, '', 0, '2017-07-06', 0, '', NULL, NULL, '', 4, NULL, NULL, NULL, NULL, NULL, 11, 10, 1),
(178, '08-2025', 'Switch Ethernet 10/100, 8 ports (Zyxel)', '', NULL, '', 0, '2017-07-06', 0, '', NULL, NULL, '', 4, NULL, NULL, NULL, NULL, NULL, 10, 10, 1),
(179, '08-5013', 'Boitier pour HD 3.5\"[USB vers e-SATA] (L-Case)', '', NULL, '', 0, '2017-07-06', 0, '', NULL, NULL, '', 4, NULL, NULL, NULL, NULL, NULL, 10, 10, 1),
(180, '08-5014', 'Boitier pour HD 3.5\"[USB vers e-SATA] (L-Case)', '', NULL, '', 0, '2017-07-06', 0, '', NULL, NULL, '', 4, NULL, NULL, NULL, NULL, NULL, 11, 40, 1),
(181, '09-1031', 'PC atelier Compaq EVO infobs', '', NULL, '', 0, '2017-07-06', 0, '', NULL, NULL, '', 4, NULL, NULL, NULL, NULL, NULL, 10, 10, 1),
(182, '09-1034', 'Moniteur HP 1530 (TFT 15\')', '', NULL, '', 0, '2017-07-06', 0, '', NULL, NULL, '', 4, NULL, NULL, NULL, NULL, NULL, 2, 10, 1),
(183, '09-2026', 'Carte Ethernet Gigabit NETGEAR', '', NULL, '', 0, '2017-07-06', 0, '', NULL, NULL, '', 4, NULL, NULL, NULL, NULL, NULL, 2, 10, 1),
(184, '09-2067', 'Carte Ethernet Gigabit NETGEAR', '', NULL, '0', 0, '2017-07-06', 0, '', NULL, NULL, '', 4, NULL, NULL, NULL, NULL, NULL, 2, 10, 1),
(185, '10-1037', 'Mac mini + adaptateur sortie écran Intel Core Duo 2.26GHz - RAM 1000Mb - HD 160Go', '', NULL, '', 0, '2017-07-06', 0, '', NULL, NULL, '', 4, NULL, NULL, NULL, NULL, NULL, 10, 10, 1),
(186, '10-1040', 'Boitier tour ANTEC sans alimentation', '', NULL, '', 0, '2017-07-06', 0, '', NULL, NULL, '', 4, NULL, NULL, NULL, NULL, NULL, 2, 10, 1),
(187, '10-1043', 'Disque dur WESTERN Caviar Blue 160 GB en SATA 300', '', NULL, '', 0, '2017-07-06', 0, '', NULL, NULL, '', 4, NULL, NULL, NULL, NULL, NULL, 2, 40, 1),
(188, '10-1050', 'Boitier desktop SILVERSTONE sans alimentation', '', NULL, '', 0, '2017-07-06', 0, '', NULL, NULL, '', 4, NULL, NULL, NULL, NULL, NULL, 2, 10, 1),
(189, '10-1057', 'DDR2 800 2x1Gb CORSAIR', '', NULL, '', 0, '2017-07-06', 0, '', NULL, NULL, '', 4, NULL, NULL, NULL, NULL, NULL, 2, 10, 1),
(190, '10-1059', 'Carte graphique Nvidia GeForce 210 PCIe', '', NULL, '', 0, '2017-07-06', 0, '', NULL, NULL, '', 4, NULL, NULL, NULL, NULL, NULL, 2, 40, 1),
(191, '10-1060', 'Boîtier Server CHIEFTEC', '', NULL, '', 0, '2017-07-06', 0, '', NULL, NULL, '', 4, NULL, NULL, NULL, NULL, NULL, 2, 40, 1),
(192, '10-2026', 'Carte réseau PCI RJ45 1Go', '', NULL, '', 0, '2017-07-06', 0, '', NULL, NULL, '', 4, NULL, NULL, NULL, NULL, NULL, 10, 10, 1),
(193, '10-2027', 'Carte réseau PCI RJ45 1Go', '', NULL, '', 0, '2017-07-06', 0, '', NULL, NULL, '', 4, NULL, NULL, NULL, NULL, NULL, 2, 10, 1),
(194, '10-2028', 'Carte réseau PCI RJ45 1Go', '', NULL, '', 0, '2017-07-06', 0, '', NULL, NULL, '', 4, NULL, NULL, NULL, NULL, NULL, 1, 10, 1),
(195, '10-2029', 'Print Server 1 port USB Trendnet', '', NULL, '', 0, '2017-07-06', 0, '', NULL, NULL, '', 4, NULL, NULL, NULL, NULL, NULL, 11, 10, 1),
(196, '10-2030', 'Routeur TRENDnet 4 ports Wifi', '', NULL, '', 0, '2017-07-06', 0, '', NULL, NULL, '', 4, NULL, NULL, NULL, NULL, NULL, 10, 10, 1),
(197, '10-2031', 'Switch 3com 5 ports', '', NULL, '', 0, '2017-07-06', 0, '', NULL, NULL, '', 4, NULL, NULL, NULL, NULL, NULL, 11, 10, 1),
(198, '10-2032', 'Testeur de câbles LanID', '', NULL, '', 0, '2017-07-06', 0, '', NULL, NULL, '', 4, NULL, NULL, NULL, NULL, NULL, 11, 10, 1),
(199, '10-6025', 'clé usb DataTraveler', '', NULL, '', 0, '2017-07-06', 0, '', NULL, NULL, '', 4, NULL, NULL, NULL, NULL, NULL, 1, 10, 1),
(200, '10-6043', 'Casque Logitech avec contrôle sur oreille \"R\"', '', NULL, '', 0, '2017-07-06', 0, '', NULL, NULL, '', 4, NULL, NULL, NULL, NULL, NULL, 11, 10, 1),
(201, '10-6046', 'Casque micro Logitech', '', NULL, '', 0, '2017-07-06', 0, '', NULL, NULL, '', 4, NULL, NULL, NULL, NULL, NULL, 11, 10, 1),
(202, '10-7001', 'Etiquetteuse Brother P-Touch 1830', '', NULL, '', 0, '2017-07-06', 0, '', NULL, NULL, '', 4, NULL, NULL, NULL, NULL, NULL, 2, 10, 1),
(203, '11-0001', 'Watt mètre', '', NULL, '', 0, '2017-07-06', 0, '', NULL, NULL, '', 4, NULL, NULL, NULL, NULL, NULL, 10, 10, 1),
(204, '11-1067', 'Dell Zino HD 410', '', NULL, '', 0, '2017-07-06', 0, '', NULL, NULL, '', 4, NULL, NULL, NULL, NULL, NULL, 11, 40, 1),
(205, '11-2033', 'Testeur de câbles réseau PUNKTAL', '', NULL, '', 0, '2017-07-06', 0, '', NULL, NULL, '', 4, NULL, NULL, NULL, NULL, NULL, 11, 10, 1),
(206, '11-2034', 'Clé USB Wifi (Edimax)', '', NULL, '', 0, '2017-07-06', 0, '', NULL, NULL, '', 4, NULL, NULL, NULL, NULL, NULL, 10, 40, 1),
(207, '11-6054', 'Câble USB - micro-USB', '', NULL, '', 0, '2017-07-06', 0, '', NULL, NULL, '', 4, NULL, NULL, NULL, NULL, NULL, 11, 10, 1),
(208, '11-6055', 'Câble USB - micro-USB', '', NULL, '', 0, '2017-07-06', 0, '', NULL, NULL, '', 4, NULL, NULL, NULL, NULL, NULL, 3, 40, 1),
(209, '11-6057', 'Câble USB - mini-USB', '', NULL, '', 0, '2017-07-06', 0, '', NULL, NULL, '', 4, NULL, NULL, NULL, NULL, NULL, 3, 40, 1),
(210, '11-6059', 'Casque Logitech Dialog 220', '', NULL, '', 0, '2017-07-06', 0, '', NULL, NULL, '', 4, NULL, NULL, NULL, NULL, NULL, 10, 40, 1),
(211, '11-6060', 'Casque Logitech Dialog 220', '', NULL, '', 0, '2017-07-06', 0, '', NULL, NULL, '', 4, NULL, NULL, NULL, NULL, NULL, 10, 10, 1),
(212, '11-6063', 'Scanner A4 CanoScan Lide 110', '', NULL, '', 0, '2017-07-06', 0, '', NULL, NULL, '', 4, NULL, NULL, NULL, NULL, NULL, 11, 10, 1),
(213, '11-6064', 'HP Deskjet 3000', '', NULL, '', 0, '2017-07-06', 0, '', NULL, NULL, '', 4, NULL, NULL, NULL, NULL, NULL, 11, 10, 1),
(214, '11-6065', 'HP Deskjet 3000', '', NULL, '', 0, '2017-07-06', 0, '', NULL, NULL, '', 4, NULL, NULL, NULL, NULL, NULL, 10, 40, 1),
(215, '11-6068', 'Pinnacle VSH Saver module acquisition vidéo', '', NULL, '', 0, '2017-07-06', 0, '', NULL, NULL, '', 4, NULL, NULL, NULL, NULL, NULL, 2, 10, 1),
(216, '11-6069', 'Disque dur externe LaCie orange Rugger Mini', '', NULL, '', 0, '2017-07-06', 0, '', NULL, NULL, '', 4, NULL, NULL, NULL, NULL, NULL, 10, 10, 1),
(217, '11-6071', 'Disque dur externe LaCie orange Rugger Mini', '', NULL, '', 0, '2017-07-06', 0, '', NULL, NULL, '', 4, NULL, NULL, NULL, NULL, NULL, 11, 10, 1),
(218, '11-6072', 'Lecteur disquette externe USB (Yano)', '', NULL, '', 0, '2017-07-06', 0, '', NULL, NULL, '', 4, NULL, NULL, NULL, NULL, NULL, 10, 10, 1),
(219, '11-7002', 'D-Link KVM', '', NULL, '', 0, '2017-07-06', 0, '', NULL, NULL, '', 4, NULL, NULL, NULL, NULL, NULL, 11, 10, 1),
(220, '11-7003', 'Lecteur VHS LG + télécommande + câble péritel/Cinch', '', NULL, '', 0, '2017-07-06', 0, '', NULL, NULL, '', 4, NULL, NULL, NULL, NULL, NULL, 2, 10, 1),
(221, '11-7004', 'Bracelet anti-statique', '', NULL, '', 0, '2017-07-06', 0, '', NULL, NULL, '', 4, NULL, NULL, NULL, NULL, NULL, 2, 10, 1),
(222, '11-7005', 'Bracelet anti-statique', '', NULL, '', 0, '2017-07-06', 0, '', NULL, NULL, '', 4, NULL, NULL, NULL, NULL, NULL, 2, 10, 1),
(223, '11-7006', 'Bracelet anti-statique', '', NULL, '', 0, '2017-07-06', 0, '', NULL, NULL, '', 4, NULL, NULL, NULL, NULL, NULL, 2, 10, 1),
(224, '11-7007', 'Bracelet anti-statique', '', NULL, '', 0, '2017-07-06', 0, '', NULL, NULL, '', 4, NULL, NULL, NULL, NULL, NULL, 2, 10, 1),
(225, '11-7008', 'Bracelet anti-statique', '', NULL, '', 0, '2017-07-06', 0, '', NULL, NULL, '', 4, NULL, NULL, NULL, NULL, NULL, 2, 10, 1),
(226, '11-7012', 'Belkin Switch2, KVM Switch VGA/PS/2', '', NULL, '', 0, '2017-07-06', 0, '', NULL, NULL, '', 4, NULL, NULL, NULL, NULL, NULL, 10, 10, 1),
(227, '11-7013', 'Câble pieuvre KVM USB - PS/2+VGA 1.8m', '', NULL, '', 0, '2017-07-06', 0, '', NULL, NULL, '', 4, NULL, NULL, NULL, NULL, NULL, 3, 10, 1),
(228, '12-6002', 'Lecteur rw liteon', '', NULL, '', 0, '2017-07-06', 0, '', NULL, NULL, '', 4, NULL, NULL, NULL, NULL, NULL, 11, 10, 1),
(229, '12-6003', 'Canon Canoscan LiDE 210, BUS-Powered, Vertical-Stand', '', NULL, '', 0, '2017-07-06', 0, '', NULL, NULL, '', 4, NULL, NULL, NULL, NULL, NULL, 1, 10, 1),
(230, '12-6004', 'Webcam Microsoft LifeCam VX-2000', '', NULL, '', 0, '2017-07-06', 0, '', NULL, NULL, '', 4, NULL, NULL, NULL, NULL, NULL, 11, 10, 1),
(231, '12-6077', 'Graveur DVD externe (FREECOM)', '', NULL, '', 0, '2017-07-06', 0, '', NULL, NULL, '', 4, NULL, NULL, NULL, NULL, NULL, 11, 40, 1),
(232, '12-7001', 'Belkin Switch2, KVM Switch VGA/PS/2', '', NULL, '', 0, '2017-07-06', 0, '', NULL, NULL, '', 4, NULL, NULL, NULL, NULL, NULL, 3, 10, 1),
(233, '12-7001-2', 'Enceintes acoustiques DELL', '', NULL, '', 0, '2017-07-06', 0, '', NULL, NULL, '', 4, NULL, NULL, NULL, NULL, NULL, 2, 10, 1),
(234, '12-7002', 'Enceintes Trust', '', NULL, '', 0, '2017-07-06', 0, '', NULL, NULL, '', 4, NULL, NULL, NULL, NULL, NULL, 2, 10, 1),
(235, '12-7003 ', 'Logitech OEM Dialog 220 Headphone', '', NULL, '', 0, '2017-07-06', 0, '', NULL, NULL, '', 4, NULL, NULL, NULL, NULL, NULL, 11, 10, 1),
(236, '13-1001', 'Imac 21” 3.06 GHz 4 Go Ram 500 Go H, souris', '', NULL, '', 0, '2017-07-06', 0, '', NULL, NULL, '', 4, NULL, NULL, NULL, NULL, NULL, 1, 10, 1),
(237, '13-6001', 'Clé USB Kingston 8GB (Image Mac OSX)', '', NULL, '', 0, '2017-07-06', 0, '', NULL, NULL, '', 4, NULL, NULL, NULL, NULL, NULL, 10, 10, 1),
(238, '13-6002', 'Clé USB Kingston 8GB (Image Mac OSX)', '', NULL, '', 0, '2017-07-06', 0, '', NULL, NULL, '', 4, NULL, NULL, NULL, NULL, NULL, 10, 10, 1),
(239, '13-6003', 'Slim DVD +- RW graveur LaCie', '', NULL, '', 0, '2017-07-06', 0, '', NULL, NULL, '', 4, NULL, NULL, NULL, NULL, NULL, 11, 10, 1),
(240, '13-6004-2', 'Slim DVD +- RW graveur LaCie', '', NULL, '', 0, '2017-07-06', 0, '', NULL, NULL, '', 4, NULL, NULL, NULL, NULL, NULL, 11, 10, 1),
(241, '13-6007-bis', 'Clé USB Kingston 8GB', '', NULL, '', 0, '2017-07-06', 0, '', NULL, NULL, '', 4, NULL, NULL, NULL, NULL, NULL, 10, 10, 1),
(242, '13-6008-bis', 'Clé USB Kingston 8GB', '', NULL, '', 0, '2017-07-06', 0, '', NULL, NULL, '', 4, NULL, NULL, NULL, NULL, NULL, 10, 10, 1),
(243, '13-6009', 'Clé USB Kingston 8GB', '', NULL, '', 0, '2017-07-06', 0, '', NULL, NULL, '', 4, NULL, NULL, NULL, NULL, NULL, 10, 10, 1),
(244, '13-6012', 'Clé USB Kingston 8GB', '', NULL, '', 0, '2017-07-06', 0, '', NULL, NULL, '', 4, NULL, NULL, NULL, NULL, NULL, 10, 10, 1),
(245, '13-6016', 'Adaptateur USB PS/2', '', NULL, '', 0, '2017-07-06', 0, '', NULL, NULL, '', 4, NULL, NULL, NULL, NULL, NULL, 11, 10, 1),
(246, '13-6017', 'Adaptateur USB PS/2', '', NULL, '', 0, '2017-07-06', 0, '', NULL, NULL, '', 4, NULL, NULL, NULL, NULL, NULL, 11, 10, 1),
(247, '13-6018', 'Adaptateur USB PS/2', '', NULL, '', 0, '2017-07-06', 0, '', NULL, NULL, '', 4, NULL, NULL, NULL, NULL, NULL, 11, 10, 1),
(248, '13-6019', 'Adaptateur USB PS/2', '', NULL, '', 0, '2017-07-06', 0, '', NULL, NULL, '', 4, NULL, NULL, NULL, NULL, NULL, 11, 10, 1),
(249, '13-6020', 'Adaptateur USB PS/2', '', NULL, '', 0, '2017-07-06', 0, '', NULL, NULL, '', 4, NULL, NULL, NULL, NULL, NULL, 11, 10, 1),
(250, '13-6021', 'Adaptateur USB PS/2', '', NULL, '', 0, '2017-07-06', 0, '', NULL, NULL, '', 4, NULL, NULL, NULL, NULL, NULL, 11, 10, 1),
(251, '13-6022', 'Adaptateur USB PS/2', '', NULL, '', 0, '2017-07-06', 0, '', NULL, NULL, '', 4, NULL, NULL, NULL, NULL, NULL, 11, 10, 1),
(252, '13-6023', 'Adaptateur USB PS/2', '', NULL, '', 0, '2017-07-06', 0, '', NULL, NULL, '', 4, NULL, NULL, NULL, NULL, NULL, 11, 10, 1),
(253, '13-6024', 'Lecteur Cartes SD externe Kingston', '', NULL, '', 0, '2017-07-06', 0, '', NULL, NULL, '', 4, NULL, NULL, NULL, NULL, NULL, 7, 10, 1),
(254, '13-6025', 'Graveur DVD externe (Asus)', '', NULL, '', 0, '2017-07-06', 0, '', NULL, NULL, '', 4, NULL, NULL, NULL, NULL, NULL, 10, 10, 1),
(255, '13-6026', 'Clé USB Kingston 8GB', '', NULL, '0', 0, '2017-07-06', 0, '', NULL, NULL, '', 4, NULL, NULL, NULL, NULL, NULL, 7, 10, 1),
(256, '13-6027', 'Webcam Logitech articulée', '', NULL, '', 0, '2017-07-06', 0, '', NULL, NULL, '', 4, NULL, NULL, NULL, NULL, NULL, 11, 10, 1),
(257, '13-6029', 'Clé USB Kingston 8GB', '', NULL, '', 0, '2017-07-06', 0, '', NULL, NULL, '', 4, NULL, NULL, NULL, NULL, NULL, 7, 10, 1),
(258, '13-6030', 'Clé USB Kingston 8GB', '', NULL, '', 0, '2017-07-06', 0, '', NULL, NULL, '', 4, NULL, NULL, NULL, NULL, NULL, 7, 10, 1),
(259, '13-6032', 'Clé USB Kingston 8GB', '', NULL, '', 0, '2017-07-06', 0, '', NULL, NULL, '', 4, NULL, NULL, NULL, NULL, NULL, 7, 10, 1),
(260, '13-6033', 'Clé USB Kingston 8GB', '', NULL, '', 0, '2017-07-06', 0, '', NULL, NULL, '', 4, NULL, NULL, NULL, NULL, NULL, 7, 10, 1),
(261, '13-6222', 'Clé USB Kingston 8GB (Office pour mac)', '', NULL, '', 0, '2017-07-06', 0, '', NULL, NULL, '', 4, NULL, NULL, NULL, NULL, NULL, 11, 10, 1),
(262, '13-7001', 'Belkin Switch2, KVM Switch VGA/PS/2', '', NULL, '', 0, '2017-07-06', 0, '', NULL, NULL, '', 4, NULL, NULL, NULL, NULL, NULL, 3, 10, 1),
(263, '13-7002', 'Belkin Switch2, KVM Switch VGA/PS/2', '', NULL, '', 0, '2017-07-06', 0, '', NULL, NULL, '', 4, NULL, NULL, NULL, NULL, NULL, 3, 10, 1),
(264, '13-7003', 'Belkin Switch2, KVM Switch VGA/PS/2', '', NULL, '', 0, '2017-07-06', 0, '', NULL, NULL, '', 4, NULL, NULL, NULL, NULL, NULL, 3, 10, 1),
(265, '13-7004', 'Belkin Switch2, KVM Switch VGA/PS/2', '', NULL, '', 0, '2017-07-06', 0, '', NULL, NULL, '', 4, NULL, NULL, NULL, NULL, NULL, 3, 10, 1),
(266, '13-7005', 'Nikon Coolpix P330', '', NULL, '', 0, '2017-07-06', 0, '', NULL, NULL, '', 4, NULL, NULL, NULL, NULL, NULL, 11, 10, 1),
(267, '13-7006', 'Carte compact flash transcend SDHD Ultimate card 16GB', '', NULL, '', 0, '2017-07-06', 0, '', NULL, NULL, '', 4, NULL, NULL, NULL, NULL, NULL, 3, 10, 1),
(268, '13-7007', 'Housse Cullmann ', '', NULL, '', 0, '2017-07-06', 0, '', NULL, NULL, '', 4, NULL, NULL, NULL, NULL, NULL, 11, 10, 1),
(269, 'DI06036', 'Scanner A4 Canonscan 4200F', '', '20170707_115045.jpg', 'UZQ354869', 0, '2017-07-07', 0, 'Scanner plat feuilles A4', NULL, NULL, '', 3, NULL, NULL, NULL, NULL, NULL, 7, 10, 3),
(271, 'MP10001', 'Beamer mini HP', '', '20170707_114907.jpg', 'CN09510216', 0, '2017-07-07', 0, 'Ce beamer est de petite taille', NULL, NULL, '', 3, NULL, NULL, NULL, NULL, NULL, 7, 10, 4),
(272, '04908', 'Appareil photo Minolta', '', '20170707_115242.jpg', '', 0, '2017-07-07', 0, '', NULL, NULL, '', 3, NULL, NULL, NULL, NULL, NULL, 7, 10, 4),
(273, '05365', 'Papier thermogonflable', '', '20170707_151434.jpg', '', 0, '2017-07-07', 0, '', NULL, NULL, '', 3, NULL, NULL, NULL, NULL, NULL, 7, 10, 3),
(274, '10840', 'Epson Scanner Perfection V33', '', '20170707_1152421.jpg', '', 0, '2017-07-07', 0, 'Scanner feuilles A4 plat', NULL, NULL, '', 3, NULL, NULL, NULL, NULL, NULL, 7, 10, 3),
(275, '04608', 'HP Scanner Scanjet 8200', '', '20170707_151641.jpg', '', 0, '2017-07-07', 0, 'Scanner A4 plat', NULL, NULL, '', 3, NULL, NULL, NULL, NULL, NULL, 7, 10, 3),
(276, '05611', 'Hauts-parleurs Kyros 321 Xonic Gear', '', '20170707_151948.jpg', '', 0, '2017-07-07', 0, 'Hauts-parleurs gauche, droit, milieu', NULL, NULL, '', 3, NULL, NULL, NULL, NULL, NULL, 7, 10, 4),
(277, '13-7008', 'Accu Nikon Coolpix', '', NULL, '', 0, '2017-07-10', 0, '', NULL, NULL, '', 4, NULL, NULL, NULL, NULL, NULL, 7, 10, 1),
(278, '13-7009', 'Disque dur externe LaCie orange Rugger Mini', '', NULL, '', 0, '2017-07-10', 0, '', NULL, NULL, '', 4, NULL, NULL, NULL, NULL, NULL, 10, 10, 1),
(279, '13-7011', 'Belkin Switch2, KVM Switch VGA/PS/2', '', NULL, '', 0, '2017-07-10', 0, '', NULL, NULL, '', 4, NULL, NULL, NULL, NULL, NULL, 3, 10, 1),
(280, '14-0001', 'Trousse à outils', '', NULL, '', 0, '2017-07-10', 0, '', NULL, NULL, '', 4, NULL, NULL, NULL, NULL, NULL, 11, 10, 1),
(281, '14-0002', 'Petit 2-Port USB Switch', '', NULL, '', 0, '2017-07-10', 0, '', NULL, NULL, '', 4, NULL, NULL, NULL, NULL, NULL, 3, 10, 1),
(282, '14-0003', 'Petit 2-Port USB Switch', '', NULL, '', 0, '2017-07-10', 0, '', NULL, NULL, '', 4, NULL, NULL, NULL, NULL, NULL, 11, 10, 1),
(283, '14-0004', 'Petit 2-Port USB Switch', '', NULL, '', 0, '2017-07-10', 0, '', NULL, NULL, '', 4, NULL, NULL, NULL, NULL, NULL, 11, 10, 1),
(284, '14-0005', 'Petit 2-Port USB Switch', '', NULL, '', 0, '2017-07-10', 0, '', NULL, NULL, '', 4, NULL, NULL, NULL, NULL, NULL, 11, 10, 1),
(285, '14-0006', 'Adaptateur pour disque dur Sharkoon', '', NULL, '', 0, '2017-07-10', 0, '', NULL, NULL, '', 4, NULL, NULL, NULL, NULL, NULL, 11, 10, 1),
(286, '14-0007', 'Disque Dur Externe WD Elements', '', NULL, '', 0, '2017-07-10', 0, '', NULL, NULL, '', 4, NULL, NULL, NULL, NULL, NULL, 11, 30, 1),
(287, '14-0009', 'Câble Display/Display', '', NULL, '', 0, '2017-07-10', 0, '', NULL, NULL, '', 4, NULL, NULL, NULL, NULL, NULL, 3, 10, 1),
(288, '14-0010', 'Câble Display/Display', '', NULL, '', 0, '2017-07-10', 0, '', NULL, NULL, '', 4, NULL, NULL, NULL, NULL, NULL, 3, 10, 1),
(289, '14-0011', 'Câble Display/Display', '', NULL, '', 0, '2017-07-10', 0, '', NULL, NULL, '', 4, NULL, NULL, NULL, NULL, NULL, 3, 10, 1),
(290, '14-0012', 'Câble Display/Display', '', NULL, '', 0, '2017-07-10', 0, '', NULL, NULL, '', 4, NULL, NULL, NULL, NULL, NULL, 3, 10, 1),
(291, '14-0013', 'Câble Display/Display', '', NULL, '', 0, '2017-07-10', 0, '', NULL, NULL, '', 4, NULL, NULL, NULL, NULL, NULL, 3, 10, 1),
(292, '14-0014', 'Câble Display/Display', '', NULL, '', 0, '2017-07-10', 0, '', NULL, NULL, '', 4, NULL, NULL, NULL, NULL, NULL, 3, 10, 1),
(293, '14-0015', 'Câble Display/Display', '', NULL, '', 0, '2017-07-10', 0, '', NULL, NULL, '', 4, NULL, NULL, NULL, NULL, NULL, 3, 10, 1),
(294, '14-0016', 'Câble Display/Display', '', NULL, '', 0, '2017-07-10', 0, '', NULL, NULL, '', 4, NULL, NULL, NULL, NULL, NULL, 3, 10, 1),
(295, '14-0017', 'Câble Display/Display', '', NULL, '', 0, '2017-07-10', 0, '', NULL, NULL, '', 4, NULL, NULL, NULL, NULL, NULL, 3, 10, 1),
(296, '14-0018', 'Adaptateur USB/PS2', '', NULL, '', 0, '2017-07-10', 0, '', NULL, NULL, '', 4, NULL, NULL, NULL, NULL, NULL, 11, 10, 1),
(297, '14-0019', 'Dédoubleur RJ45', '', NULL, '', 0, '2017-07-10', 0, '', NULL, NULL, '', 4, NULL, NULL, NULL, NULL, NULL, 11, 10, 1),
(298, '14-0020', 'Rallonge multi-prise X6', '', NULL, '', 0, '2017-07-10', 0, '', NULL, NULL, '', 4, NULL, NULL, NULL, NULL, NULL, 2, 10, 1),
(299, '14-0021', 'Rallonge multi-prise X6', '', NULL, '', 0, '2017-07-10', 0, '', NULL, NULL, '', 4, NULL, NULL, NULL, NULL, NULL, 2, 10, 1),
(300, '14-0022', 'Carte Réseau US.ROBOTICS Wirless', '', NULL, '', 0, '2017-07-10', 0, '', NULL, NULL, '', 4, NULL, NULL, NULL, NULL, NULL, 2, 10, 1),
(301, '14-0023', 'KVM Avocent ', '', NULL, '', 0, '2017-07-10', 0, '', NULL, NULL, '', 4, NULL, NULL, NULL, NULL, NULL, 11, 10, 1),
(302, '14-0024', 'Adaptateur USB/PS2', '', NULL, '', 0, '2017-07-10', 0, '', NULL, NULL, '', 4, NULL, NULL, NULL, NULL, NULL, 11, 10, 1),
(303, '14-0025', 'Adaptateur USB/PS2', '', NULL, '', 0, '2017-07-10', 0, '', NULL, NULL, '', 4, NULL, NULL, NULL, NULL, NULL, 11, 10, 1),
(304, '14-0027', 'Mini clavier mac Bluetooth ', '', NULL, '', 0, '2017-07-10', 0, '', NULL, NULL, '', 4, NULL, NULL, NULL, NULL, NULL, 10, 10, 1),
(305, '14-0030', 'Casque audio Phillips', '', NULL, '', 0, '2017-07-10', 0, '', NULL, NULL, '', 4, NULL, NULL, NULL, NULL, NULL, 10, 10, 1),
(306, '14-0031', 'Souris Logitech noir USB', '', NULL, '', 0, '2017-07-10', 0, '', NULL, NULL, '', 4, NULL, NULL, NULL, NULL, NULL, 10, 10, 1),
(307, '14-0033', 'Notebook Samsung', '', NULL, '', 0, '2017-07-10', 0, '', NULL, NULL, '', 4, NULL, NULL, NULL, NULL, NULL, 10, 10, 1),
(308, '14-0034', 'Tablette Samsung', '', NULL, '', 0, '2017-07-10', 0, '', NULL, NULL, '', 4, NULL, NULL, NULL, NULL, NULL, 10, 10, 1),
(309, '14-0035', 'Chargeur USB ', '', NULL, '', 0, '2017-07-10', 0, '', NULL, NULL, '', 4, NULL, NULL, NULL, NULL, NULL, 11, 10, 1),
(310, '14-0036', 'Hub USB 4 prise', '', NULL, '', 0, '2017-07-10', 0, '', NULL, NULL, '', 4, NULL, NULL, NULL, NULL, NULL, 11, 10, 1),
(311, '14-0037', 'Adaptateur USB/PS2 noir', '', NULL, '', 0, '2017-07-10', 0, '', NULL, NULL, '', 4, NULL, NULL, NULL, NULL, NULL, 11, 10, 1),
(312, '14-0038', 'Switch D-Link 10/100 ', '', NULL, '', 0, '2017-07-10', 0, '', NULL, NULL, '', 4, NULL, NULL, NULL, NULL, NULL, 11, 10, 1),
(313, '14-0039', 'Câble HDMI', '', NULL, '', 0, '2017-07-10', 0, '', NULL, NULL, '', 4, NULL, NULL, NULL, NULL, NULL, 11, 10, 1),
(314, '14-0040', 'Câble HDMI', '', NULL, '', 0, '2017-07-10', 0, '', NULL, NULL, '', 4, NULL, NULL, NULL, NULL, NULL, 10, 10, 1),
(315, '14-0041', 'Belkin Switch2, KVM Switch VGA/PS/2', '', NULL, '', 0, '2017-07-10', 0, '', NULL, NULL, '', 4, NULL, NULL, NULL, NULL, NULL, 3, 10, 1),
(316, '14-0042', 'Adaptateur USB/PS2 violet', '', NULL, '', 0, '2017-07-10', 0, '', NULL, NULL, '', 4, NULL, NULL, NULL, NULL, NULL, 11, 10, 1),
(317, '14-0043', 'Multi-prise X3', '', NULL, '', 0, '2017-07-10', 0, '', NULL, NULL, '', 4, NULL, NULL, NULL, NULL, NULL, 2, 10, 1),
(318, '14-0044', 'Multi-prise X6 ', '', NULL, '', 0, '2017-07-10', 0, '', NULL, NULL, '', 4, NULL, NULL, NULL, NULL, NULL, 2, 10, 1),
(319, '14-0045', 'Multi-prise X5', '', NULL, '', 0, '2017-07-10', 0, '', NULL, NULL, '', 4, NULL, NULL, NULL, NULL, NULL, 2, 10, 1),
(320, '14-0046', 'Multi-prise X7', '', NULL, '', 0, '2017-07-10', 0, '', NULL, NULL, '', 4, NULL, NULL, NULL, NULL, NULL, 2, 10, 1),
(321, '14-0047', 'Multi-prise X3', '', NULL, '', 0, '2017-07-10', 0, '', NULL, NULL, '', 4, NULL, NULL, NULL, NULL, NULL, 11, 10, 1),
(322, '14-0048', 'Clé USB Kingston 32Gb', '', NULL, '', 0, '2017-07-10', 0, '', NULL, NULL, '', 4, NULL, NULL, NULL, NULL, NULL, 10, 10, 1),
(323, '14-0049', 'Clé USB SanDisk', '', NULL, '', 0, '2017-07-10', 0, '', NULL, NULL, '', 4, NULL, NULL, NULL, NULL, NULL, 10, 10, 1),
(324, '14-0050', 'Mac mini ', '', NULL, '', 0, '2017-07-10', 0, '', NULL, NULL, '', 4, NULL, NULL, NULL, NULL, NULL, 10, 10, 1),
(325, '14-0051', 'Multi-prise blanche X5', '', NULL, '', 0, '2017-07-10', 0, '', NULL, NULL, '', 4, NULL, NULL, NULL, NULL, NULL, 2, 10, 1),
(326, '14-0052', 'Multi-prise blanche X3', '', NULL, '', 0, '2017-07-10', 0, '', NULL, NULL, '', 4, NULL, NULL, NULL, NULL, NULL, 2, 10, 1),
(327, '14-0055', 'Bluethooth adapter audio Logitech', '', NULL, '', 0, '2017-07-10', 0, '', NULL, NULL, '', 4, NULL, NULL, NULL, NULL, NULL, 10, 10, 1),
(328, '14-0056', 'Mini DisplayPort to VGA Adapter (MAC)', '', NULL, '', 0, '2017-07-10', 0, '', NULL, NULL, '', 4, NULL, NULL, NULL, NULL, NULL, 10, 40, 1),
(329, '14-0057', 'Câble Thunderbolt (2m)', '', NULL, '', 0, '2017-07-10', 0, '', NULL, NULL, '', 4, NULL, NULL, NULL, NULL, NULL, 10, 10, 1),
(330, '14-0058', 'Sacoche IFIXIT (tournevis)', '', NULL, '', 0, '2017-07-10', 0, '', NULL, NULL, '', 4, NULL, NULL, NULL, NULL, NULL, 11, 10, 1),
(331, '14-0059', 'Mini display port to DVI adapter (mac)', '', NULL, '', 0, '2017-07-10', 0, '', NULL, NULL, '', 4, NULL, NULL, NULL, NULL, NULL, 10, 10, 1),
(332, '14-0060', 'Mini display port to VGA adapter (mac)', '', NULL, '', 0, '2017-07-10', 0, '', NULL, NULL, '', 4, NULL, NULL, NULL, NULL, NULL, 10, 10, 1),
(333, '14-0061', 'Grande caisse \"Claviers\"', '', NULL, '', 0, '2017-07-10', 0, '', NULL, NULL, '', 4, NULL, NULL, NULL, NULL, NULL, 2, 10, 1),
(334, '14-0062', 'Grande caisse \"RJ-45\"', '', NULL, '', 0, '2017-07-10', 0, '', NULL, NULL, '', 4, NULL, NULL, NULL, NULL, NULL, 10, 10, 1),
(335, '14-0063', 'Grande caisse \"Alimentations, Ventilateurs, Radiateurs\"', '', NULL, '', 0, '2017-07-10', 0, '', NULL, NULL, '', 4, NULL, NULL, NULL, NULL, NULL, 2, 10, 1);
INSERT INTO `item` (`item_id`, `inventory_number`, `name`, `description`, `image`, `serial_number`, `buying_price`, `buying_date`, `warranty_duration`, `remarks`, `linked_file`, `supplier_id`, `supplier_ref`, `created_by_user_id`, `created_date`, `modified_by_user_id`, `modified_date`, `checked_by_user_id`, `checked_date`, `stocking_place_id`, `item_condition_id`, `item_group_id`) VALUES
(336, '14-0064', 'Moyenne caisse \"Lecteur optiques, Floppy\"', '', NULL, '', 0, '2017-07-10', 0, '', NULL, NULL, '', 4, NULL, NULL, NULL, NULL, NULL, 2, 10, 1),
(337, '14-0065', 'Moyenne caisse \"Carte : Graphique, Réseau, Audio et USB\"', '', NULL, '', 0, '2017-07-10', 0, '', NULL, NULL, '', 4, NULL, NULL, NULL, NULL, NULL, 2, 10, 1),
(338, '14-0066', 'Moyenne caisse \"Disque dur\"', '', NULL, '', 0, '2017-07-10', 0, '', NULL, NULL, '', 4, NULL, NULL, NULL, NULL, NULL, 2, 10, 1),
(339, '14-0067', 'Petite caisse \"USB 4m, FireWire 400, Filtre ASCL', '', NULL, '', 0, '2017-07-10', 0, '', NULL, NULL, '', 4, NULL, NULL, NULL, NULL, NULL, 2, 10, 1),
(340, '14-0068', 'petite caisse \"Souris\"', '', NULL, '', 0, '2017-07-10', 0, '', NULL, NULL, '', 4, NULL, NULL, NULL, NULL, NULL, 2, 10, 1),
(341, '14-0069', 'Petite caisse \"RAM/Processeurs\"', '', NULL, '', 0, '2017-07-10', 0, '', NULL, NULL, '', 4, NULL, NULL, NULL, NULL, NULL, 2, 10, 1),
(342, '14-0070', 'Petite caisse \"Multi-prises\"', '', NULL, '', 0, '2017-07-10', 0, '', NULL, NULL, '', 4, NULL, NULL, NULL, NULL, NULL, 2, 10, 1),
(343, '14-0071', 'Petite caisse \"Enceintes\"', '', NULL, '', 0, '2017-07-10', 0, '', NULL, NULL, '', 4, NULL, NULL, NULL, NULL, NULL, 2, 10, 1),
(344, '14-0072', 'Petite caisse \"Aquisition vidéo\"', '', NULL, '', 0, '2017-07-10', 0, '', NULL, NULL, '', 4, NULL, NULL, NULL, NULL, NULL, 2, 10, 1),
(345, '14-0073', 'Adaptateur USB/PS2 violet', '', NULL, '', 0, '2017-07-10', 0, '', NULL, NULL, '', 4, NULL, NULL, NULL, NULL, NULL, 11, 10, 1),
(346, '14-0074', 'Hub USB externe 4 ports ', '', NULL, '', 0, '2017-07-10', 0, '', NULL, NULL, '', 4, NULL, NULL, NULL, NULL, NULL, 11, 10, 1),
(347, '14-0075', 'Lecteur DVD externe HP', '', NULL, '', 0, '2017-07-10', 0, '', NULL, NULL, '', 4, NULL, NULL, NULL, NULL, NULL, 11, 10, 1),
(348, '14-0077', 'WLAN Access Point Zyxel', '', NULL, '', 0, '2017-07-10', 0, '', NULL, NULL, '', 4, NULL, NULL, NULL, NULL, NULL, 11, 10, 1),
(349, '14-0078', 'Clé USB 16Gb (dorée)', '', NULL, '', 0, '2017-07-10', 0, '', NULL, NULL, '', 4, NULL, NULL, NULL, NULL, NULL, 1, 10, 1),
(350, '14-0079', 'Clé USB 16Gb (dorée)', '', NULL, '', 0, '2017-07-10', 0, '', NULL, NULL, '', 4, NULL, NULL, NULL, NULL, NULL, 1, 10, 1),
(351, '14-0080', 'Clé USB 16Gb (dorée)', '', NULL, '', 0, '2017-07-10', 0, '', NULL, NULL, '', 4, NULL, NULL, NULL, NULL, NULL, 1, 10, 1),
(352, '14-0081', 'Clé USB 16Gb (dorée)', '', NULL, '', 0, '2017-07-10', 0, '', NULL, NULL, '', 4, NULL, NULL, NULL, NULL, NULL, 1, 10, 1),
(353, '14-0082', 'Imac 27” 3.06 GHz 8 Go Ram 256 Go avec clavier et souris sans fil', '', NULL, '', 0, '2017-07-10', 0, '', NULL, NULL, '', 4, NULL, NULL, NULL, NULL, NULL, 1, 10, 1),
(354, '14-2001', 'Carte PCI Wifi (TP-LINK)', '', NULL, '', 0, '2017-07-10', 0, '', NULL, NULL, '', 4, NULL, NULL, NULL, NULL, NULL, 10, 10, 1),
(355, '14-2002', 'Carte PCI Wifi (TP-LINK)', '', NULL, '', 0, '2017-07-10', 0, '', NULL, NULL, '', 4, NULL, NULL, NULL, NULL, NULL, 10, 10, 1),
(356, '14-2003', 'WD MyCloud 2TB', '', NULL, '', 0, '2017-07-10', 0, '', NULL, NULL, '', 4, NULL, NULL, NULL, NULL, NULL, 10, 10, 1),
(357, '14-5004', 'LaCie HDDE 500GB', '', NULL, '', 0, '2017-07-10', 0, '', NULL, NULL, '', 4, NULL, NULL, NULL, NULL, NULL, 10, 10, 1),
(358, '14-6001', 'Apple magic trackpad, multitouch, bluetooth', '', NULL, '', 0, '2017-07-10', 0, '', NULL, NULL, '', 4, NULL, NULL, NULL, NULL, NULL, 1, 10, 1),
(359, '14-6005', 'Clé USB Kingston 8GB', '', NULL, '', 0, '2017-07-10', 0, '', NULL, NULL, '', 4, NULL, NULL, NULL, NULL, NULL, 1, 10, 1),
(360, '14-6006', 'Clé USB Kingston 8GB', '', NULL, '', 0, '2017-07-10', 0, '', NULL, NULL, '', 4, NULL, NULL, NULL, NULL, NULL, 1, 10, 1),
(361, '14-6007', 'Clé USB Kingston 8GB', '', NULL, '', 0, '2017-07-10', 0, '', NULL, NULL, '', 4, NULL, NULL, NULL, NULL, NULL, 1, 10, 1),
(362, '14-6010', 'Clé USB Kingston 8GB', '', NULL, '', 0, '2017-07-10', 0, '', NULL, NULL, '', 4, NULL, NULL, NULL, NULL, NULL, 1, 10, 1),
(363, '14-6040', 'Mini DisplayPort to DVI Adapter', '', NULL, '', 0, '2017-07-10', 0, '', NULL, NULL, '', 4, NULL, NULL, NULL, NULL, NULL, 11, 10, 1),
(364, '14-7003', 'Adaptateur pour disque dur Sharkoon', '', NULL, '', 0, '2017-07-10', 0, '', NULL, NULL, '', 4, NULL, NULL, NULL, NULL, NULL, 11, 10, 1),
(365, '14-7005', 'Calculatrice Canon Arc Design', '', NULL, '', 0, '2017-07-10', 0, '', NULL, NULL, '', 4, NULL, NULL, NULL, NULL, NULL, 1, 10, 1),
(366, '14-7006', 'Calculatrice Canon Arc Design', '', NULL, '', 0, '2017-07-10', 0, '', NULL, NULL, '', 4, NULL, NULL, NULL, NULL, NULL, 1, 10, 1),
(367, '14-9001', 'Testeur de batterie', '', NULL, '', 0, '2017-07-10', 0, '', NULL, NULL, '', 4, NULL, NULL, NULL, NULL, NULL, 2, 10, 1),
(368, '15-0001', 'iPad mini 2 16 GB avec chargeur et cable USB', '', NULL, '', 0, '2017-07-10', 0, '', NULL, NULL, '', 4, NULL, NULL, NULL, NULL, NULL, 11, 10, 1),
(369, '15-0003', 'Mini DP to DisplayPort Câble 1m', '', NULL, '', 0, '2017-07-10', 0, '', NULL, NULL, '', 4, NULL, NULL, NULL, NULL, NULL, 11, 10, 1),
(370, '15-0004', 'Vieux Disque dur LaCie avec boîtier en métal.', '', NULL, '', 0, '2017-07-10', 0, '', NULL, NULL, '', 4, NULL, NULL, NULL, NULL, NULL, 11, 10, 1),
(371, '15-0006', 'Adapdateur USB/PS2 (vert)', '', NULL, '', 0, '2017-07-10', 0, '', NULL, NULL, '', 4, NULL, NULL, NULL, NULL, NULL, 11, 10, 1),
(372, '15-0007', 'Mini Video camera SIR SNAP HD', '', NULL, '', 0, '2017-07-10', 0, '', NULL, NULL, '', 4, NULL, NULL, NULL, NULL, NULL, 10, 10, 1),
(373, '15-0008', 'Catre micro SD du Mini Vido camera SIR SNAP HD (dans la caméra)', '', NULL, '', 0, '2017-07-10', 0, '', NULL, NULL, '', 4, NULL, NULL, NULL, NULL, NULL, 10, 10, 1),
(374, '15-6054', 'Usb vers micro Usb', '', NULL, '', 0, '2017-07-10', 0, '', NULL, NULL, '', 4, NULL, NULL, NULL, NULL, NULL, 11, 10, 1),
(375, '15-7012', 'Appareil photo Nikon Coolpix L31 (rouge)', '', NULL, '', 0, '2017-07-10', 0, '', NULL, NULL, '', 4, NULL, NULL, NULL, NULL, NULL, 10, 10, 1),
(376, '15-7012-2', 'SDHC Card sanDisk 8 GB (dans appareil photo coolpix L31)', '', NULL, '', 0, '2017-07-10', 0, '', NULL, NULL, '', 4, NULL, NULL, NULL, NULL, NULL, 1, 10, 1),
(377, '15-7013', 'Clé USB Kingston 8GB', '', NULL, '', 0, '2017-07-10', 0, '', NULL, NULL, '', 4, NULL, NULL, NULL, NULL, NULL, 1, 10, 1),
(378, '16-0001', 'écran HP EliteDisplay E231', '', NULL, '', 0, '2017-07-10', 0, '', NULL, NULL, '', 4, NULL, NULL, NULL, NULL, NULL, 1, 10, 1),
(379, '16-0002', 'écran HP EliteDisplay E231', '', NULL, '', 0, '2017-07-10', 0, '', NULL, NULL, '', 4, NULL, NULL, NULL, NULL, NULL, 1, 10, 1),
(380, '16-0003', 'écran HP EliteDisplay E231', '', NULL, '', 0, '2017-07-10', 0, '', NULL, NULL, '', 4, NULL, NULL, NULL, NULL, NULL, 2, 10, 1),
(381, '44298', 'Gaufrier Ricoh Fuser', '', NULL, '', 0, '2017-07-10', 0, 'Appareil pour faire des feuilles écrites en braille pour les aveugles.', NULL, NULL, '', 3, NULL, NULL, NULL, NULL, NULL, 7, 10, 3),
(382, '16-0004', 'écran HP EliteDisplay E231', '', NULL, '', 0, '2017-07-10', 0, '', NULL, NULL, '', 4, NULL, NULL, NULL, NULL, NULL, 1, 10, 1),
(383, '16-0005', 'écran HP EliteDisplay E231', '', NULL, '', 0, '2017-07-10', 0, '', NULL, NULL, '', 4, NULL, NULL, NULL, NULL, NULL, 1, 10, 1),
(384, '16-0006', 'écran HP EliteDisplay E231', '', NULL, '', 0, '2017-07-10', 0, '', NULL, NULL, '', 4, NULL, NULL, NULL, NULL, NULL, 1, 10, 1),
(385, '16-0007', 'écran HP EliteDisplay E231', '', NULL, '', 0, '2017-07-10', 0, '', NULL, NULL, '', 4, NULL, NULL, NULL, NULL, NULL, 1, 10, 1),
(386, '16-0008', 'écran HP EliteDisplay E231', '', NULL, '', 0, '2017-07-10', 0, '', NULL, NULL, '', 4, NULL, NULL, NULL, NULL, NULL, 1, 10, 1),
(387, '16-0009', 'écran HP EliteDisplay E231', '', NULL, '', 0, '2017-07-10', 0, '', NULL, NULL, '', 4, NULL, NULL, NULL, NULL, NULL, 1, 10, 1),
(388, '16-0010', 'écran HP EliteDisplay E241', '', NULL, '', 0, '2017-07-10', 0, '', NULL, NULL, '', 4, NULL, NULL, NULL, NULL, NULL, 1, 10, 1),
(389, '16-0011', 'écran HP EliteDisplay E241', '', NULL, '', 0, '2017-07-10', 0, '', NULL, NULL, '', 4, NULL, NULL, NULL, NULL, NULL, 1, 10, 1),
(390, '16-0012', 'écran HP EliteDisplay E241', '', NULL, '', 0, '2017-07-10', 0, '', NULL, NULL, '', 4, NULL, NULL, NULL, NULL, NULL, 1, 10, 1),
(391, '16-0013', 'écran HP EliteDisplay E241', '', NULL, '', 0, '2017-07-10', 0, '', NULL, NULL, '', 4, NULL, NULL, NULL, NULL, NULL, 1, 10, 1),
(392, '16-0014', 'HP ProBook 4525s ', '', NULL, '', 0, '2017-07-10', 0, '', NULL, NULL, '', 4, NULL, NULL, NULL, NULL, NULL, 10, 10, 1),
(393, '16-0015', 'Câble Fibre optique 2m Avinity', '', NULL, '', 0, '2017-07-10', 0, '', NULL, NULL, '', 4, NULL, NULL, NULL, NULL, NULL, 10, 10, 1),
(394, '16-0016', 'NAS DS415+ Synology Diskstation', '', NULL, '', 0, '2017-07-10', 0, '', NULL, NULL, '', 4, NULL, NULL, NULL, NULL, NULL, 1, 10, 1),
(395, '16-0017', 'PC fixe Digitech gris Tharsis T80M.02 W10P', '', NULL, '', 0, '2017-07-10', 0, '', NULL, NULL, '', 4, NULL, NULL, NULL, NULL, NULL, 3, 10, 1),
(396, '16-0018', 'PC fixe Digitech gris Tharsis T80M.02 W10P', '', NULL, '', 0, '2017-07-10', 0, '', NULL, NULL, '', 4, NULL, NULL, NULL, NULL, NULL, 3, 10, 1),
(397, '16-0019', 'Casque audio Logitech Dialog-220', '', NULL, '', 0, '2017-07-10', 0, '', NULL, NULL, '', 4, NULL, NULL, NULL, NULL, NULL, 11, 10, 1),
(398, '16-0020', 'Casque audio Logitech Dialog-220', '', NULL, '', 0, '2017-07-10', 0, '', NULL, NULL, '', 4, NULL, NULL, NULL, NULL, NULL, 10, 10, 1),
(399, '16-0021', 'Casque audio Logitech Dialog-220', '', NULL, '', 0, '2017-07-10', 0, '', NULL, NULL, '', 4, NULL, NULL, NULL, NULL, NULL, 11, 10, 1),
(400, '16-0022', 'SSD NOW300 Kingston 240 GB', '', NULL, '', 0, '2017-07-10', 0, '', NULL, NULL, '', 4, NULL, NULL, NULL, NULL, NULL, 10, 40, 1),
(401, '16-0023', 'Transcend Premium Micro SD Adaptateur + MicroSD Card 64 GB', '', NULL, '', 0, '2017-07-10', 0, '', NULL, NULL, '', 4, NULL, NULL, NULL, NULL, NULL, 10, 10, 1),
(402, '16-0024', 'Câble audio prises Jack-Jack noir', '', NULL, '', 0, '2017-07-10', 0, '', NULL, NULL, '', 4, NULL, NULL, NULL, NULL, NULL, 11, 10, 1),
(403, '16-0025', 'Câble Thunderbolt (2m)', '', NULL, '', 0, '2017-07-10', 0, '', NULL, NULL, '', 4, NULL, NULL, NULL, NULL, NULL, 11, 10, 1),
(404, '16-0026', 'Câble Firewire 800 (1,80m)', '', NULL, '', 0, '2017-07-10', 0, '', NULL, NULL, '', 4, NULL, NULL, NULL, NULL, NULL, 11, 10, 1),
(405, '16-0027', 'Clé USB Kingston 16 GB Data Traveler SE9', '', NULL, '', 0, '2017-07-10', 0, '', NULL, NULL, '', 4, NULL, NULL, NULL, NULL, NULL, 1, 10, 1),
(406, '16-0028', 'Clé USB Kingston 16 GB Data Traveler SE9', '', NULL, '', 0, '2017-07-10', 0, '', NULL, NULL, '', 4, NULL, NULL, NULL, NULL, NULL, 1, 10, 1),
(407, '16-0029', 'Clé USB Kingston 16 GB Data Traveler SE9', '', NULL, '', 0, '2017-07-10', 0, '', NULL, NULL, '', 4, NULL, NULL, NULL, NULL, NULL, 1, 10, 1),
(408, '16-0030', 'Clé USB Kingston 16 GB Data Traveler SE9', '', NULL, '', 0, '2017-07-10', 0, '', NULL, NULL, '', 4, NULL, NULL, NULL, NULL, NULL, 1, 10, 1),
(409, '16-0031', 'Clé USB Kingston 16 GB Data Traveler SE9', '', NULL, '', 0, '2017-07-10', 0, '', NULL, NULL, '', 4, NULL, NULL, NULL, NULL, NULL, 1, 10, 1),
(410, '16-0032', 'Clé USB Kingston 16 GB Data Traveler SE9', '', NULL, '', 0, '2017-07-10', 0, '', NULL, NULL, '', 4, NULL, NULL, NULL, NULL, NULL, 1, 10, 1),
(411, '16-0033', 'Ecran Samsung S24E650PL', '', NULL, '', 0, '2017-07-10', 0, '', NULL, NULL, '', 4, NULL, NULL, NULL, NULL, NULL, 3, 10, 1),
(412, '16-0034', 'Ecran Samsung S24E650PL', '', NULL, '', 0, '2017-07-10', 0, '', NULL, NULL, '', 4, NULL, NULL, NULL, NULL, NULL, 3, 10, 1),
(413, '16-0035', 'Ecran Samsung S24E650PL', '', NULL, '', 0, '2017-07-10', 0, '', NULL, NULL, '', 4, NULL, NULL, NULL, NULL, NULL, 3, 10, 1),
(414, '16-0036', 'Ecran Samsung S24E650PL', '', NULL, '', 0, '2017-07-10', 0, '', NULL, NULL, '', 4, NULL, NULL, NULL, NULL, NULL, 10, 10, 1),
(415, '16-0037', 'Ecran Samsung S24E650PL', '', NULL, '', 0, '2017-07-10', 0, '', NULL, NULL, '', 4, NULL, NULL, NULL, NULL, NULL, 10, 10, 1),
(416, '16-0038', 'imprimante Brother HL-1110', '', NULL, '', 0, '2017-07-10', 0, '', NULL, NULL, '', 4, NULL, NULL, NULL, NULL, NULL, 10, 10, 1),
(417, '16-0039', 'Disque dur Lacie rugged mini 500 go', '', NULL, '', 0, '2017-07-10', 0, '', NULL, NULL, '', 4, NULL, NULL, NULL, NULL, NULL, 10, 10, 1),
(418, '16-0040', 'Disque dur Lacie rugged mini 500 go', '', NULL, '', 0, '2017-07-10', 0, '', NULL, NULL, '', 4, NULL, NULL, NULL, NULL, NULL, 10, 10, 1),
(419, '16-0041', 'HP Micro serveur avec lecteur CD', '', NULL, '', 0, '2017-07-10', 0, '', NULL, NULL, '', 4, NULL, NULL, NULL, NULL, NULL, 3, 10, 1),
(420, '16-0042', 'Satechi HUB USB 3.0 Aluminum', '', NULL, '', 0, '2017-07-10', 0, '', NULL, NULL, '', 4, NULL, NULL, NULL, NULL, NULL, 1, 10, 1),
(421, '16-0043', 'USB 3.0 Type A (Câble)', '', NULL, '', 0, '2017-07-10', 0, '', NULL, NULL, '', 4, NULL, NULL, NULL, NULL, NULL, 1, 10, 1),
(422, '16-1309', 'TP-LINK USB print Server', '', NULL, '', 0, '2017-07-10', 0, '', NULL, NULL, '', 4, NULL, NULL, NULL, NULL, NULL, 10, 10, 1),
(423, '16-1824', 'Adaptateur bluetooth 4.0 ASUS USB-BT400 ', '', NULL, '', 0, '2017-07-10', 0, '', NULL, NULL, '', 4, NULL, NULL, NULL, NULL, NULL, 10, 10, 1),
(424, '17-0001', 'SSD Crucial MX-300', '', NULL, '', 0, '2017-07-10', 0, '', NULL, NULL, '', 4, NULL, NULL, NULL, NULL, NULL, 10, 10, 1),
(425, '17-0002', 'Cisco airconnect (borne wifi)', '', NULL, '', 0, '2017-07-10', 0, '', NULL, NULL, '', 4, NULL, NULL, NULL, NULL, NULL, 1, 10, 1),
(426, '17-0003', 'polycom (transformateur)', '', NULL, '', 0, '2017-07-10', 0, '', NULL, NULL, '', 4, NULL, NULL, NULL, NULL, NULL, 1, 10, 1),
(427, '17-0004', 'Cisco airconnect (borne wifi)', '', NULL, '', 0, '2017-07-10', 0, '', NULL, NULL, '', 4, NULL, NULL, NULL, NULL, NULL, 3, 10, 1),
(428, '17-0005', 'cisco system (transformateur)', '', NULL, '', 0, '2017-07-10', 0, '', NULL, NULL, '', 4, NULL, NULL, NULL, NULL, NULL, 3, 10, 1),
(429, '17-0006', 'Cisco airconnect (borne wifi)', '', NULL, '', 0, '2017-07-10', 0, '', NULL, NULL, '', 4, NULL, NULL, NULL, NULL, NULL, 1, 10, 1),
(430, '17-0007', 'Cisco (transformateur)', '', NULL, '', 0, '2017-07-10', 0, '', NULL, NULL, '', 4, NULL, NULL, NULL, NULL, NULL, 3, 10, 1),
(431, '17-0008', 'Cisco airconnect (borne wifi)', '', NULL, '', 0, '2017-07-10', 0, '', NULL, NULL, '', 4, NULL, NULL, NULL, NULL, NULL, 3, 10, 1),
(432, '17-0009', 'polycom (transformateur)', '', NULL, '', 0, '2017-07-10', 0, '', NULL, NULL, '', 4, NULL, NULL, NULL, NULL, NULL, 3, 10, 1),
(433, '17-0010', 'Kit PC miniature ARDUINO UNO', '', NULL, '', 0, '2017-07-10', 0, '', NULL, NULL, '', 4, NULL, NULL, NULL, NULL, NULL, 11, 10, 1),
(434, '17-0011', 'Kit PC miniature ARDUINO UNO', '', NULL, '', 0, '2017-07-10', 0, '', NULL, NULL, '', 4, NULL, NULL, NULL, NULL, NULL, 11, 10, 1),
(435, '17-0012', 'KVM Switch \"Aten\" 2 ports USB', '', NULL, '', 0, '2017-07-10', 0, '', NULL, NULL, '', 4, NULL, NULL, NULL, NULL, NULL, 11, 10, 1),
(436, '17-0013', 'KVM Switch \"Aten\" 2 ports USB', '', NULL, '', 0, '2017-07-10', 0, '', NULL, NULL, '', 4, NULL, NULL, NULL, NULL, NULL, 11, 10, 1),
(437, '17-0014', 'KVM Switch \"Aten\" 2 ports USB', '', NULL, '', 0, '2017-07-10', 0, '', NULL, NULL, '', 4, NULL, NULL, NULL, NULL, NULL, 11, 10, 1),
(438, '17-0015', 'KVM Switch \"Aten\" 2 ports USB', '', NULL, '', 0, '2017-07-10', 0, '', NULL, NULL, '', 4, NULL, NULL, NULL, NULL, NULL, 11, 10, 1),
(439, '17-0016', 'GoPro HERO 5 black + carte micro sd sandisk 32 gb', '', NULL, '', 0, '2017-07-10', 0, '', NULL, NULL, '', 4, NULL, NULL, NULL, NULL, NULL, 1, 10, 1),
(440, '17-0017', 'd-link cloud ptz Camera + carte micro sd sandisk 32 gb', '', NULL, '', 0, '2017-07-10', 0, '', NULL, NULL, '', 4, NULL, NULL, NULL, NULL, NULL, 10, 10, 1),
(441, '17-0018', 'Souris Logitech m705', '', NULL, '', 0, '2017-07-10', 0, '', NULL, NULL, '', 4, NULL, NULL, NULL, NULL, NULL, 10, 10, 1),
(442, '17-0019', 'Acronis true image 2016', '', NULL, '', 0, '2017-07-10', 0, '', NULL, NULL, '', 4, NULL, NULL, NULL, NULL, NULL, 1, 10, 1),
(443, '17-0020', 'Arduino ', '', NULL, '', 0, '2017-07-10', 0, '', NULL, NULL, '', 4, NULL, NULL, NULL, NULL, NULL, 11, 10, 1),
(444, '17-0021', 'Casque philips hl145', '', NULL, '', 0, '2017-07-10', 0, '', NULL, NULL, '', 4, NULL, NULL, NULL, NULL, NULL, 11, 10, 1),
(445, '17-0022', 'Disque lacie(orange)', '', NULL, '', 0, '2017-07-10', 0, '', NULL, NULL, '', 4, NULL, NULL, NULL, NULL, NULL, 11, 10, 1),
(446, '17-0023', 'Usb printer TP-LINK', '', NULL, '', 0, '2017-07-10', 0, '', NULL, NULL, '', 4, NULL, NULL, NULL, NULL, NULL, 11, 10, 1),
(447, 'PO11753', '\"PC portable HP HP 6560B\"', '', NULL, '', 0, '2017-07-10', 0, '', NULL, NULL, '', 4, NULL, NULL, NULL, NULL, NULL, 7, 10, 1),
(448, '16-0044', 'adaptateur disque sata ide sharkoon', '', NULL, '', 0, '2017-07-10', 0, '', NULL, NULL, '', 4, NULL, NULL, NULL, NULL, NULL, 11, 10, 1),
(449, '16-0045', 'adaptateur display port vers dvi', '', NULL, '', 0, '2017-07-10', 0, '', NULL, NULL, '', 4, NULL, NULL, NULL, NULL, NULL, 10, 10, 1),
(450, '17-0024', 'PC Acer Aspire', '', NULL, '', 0, '2017-07-10', 0, '', NULL, NULL, '', 4, NULL, NULL, NULL, NULL, NULL, 2, 10, 1),
(451, '11-6070', 'lacie ruger mini', '', NULL, '', 0, '2017-07-10', 0, '', NULL, NULL, '', 4, NULL, NULL, NULL, NULL, NULL, 10, 10, 1),
(452, '08-2022', 'Switch Zixel10/100 ', '', NULL, '', 0, '2017-07-10', 0, '', NULL, NULL, '', 4, NULL, NULL, NULL, NULL, NULL, 10, 10, 1),
(453, '15-6053', 'Clavier bluetooth ultra slim Rapoo', '', NULL, '', 0, '2017-07-10', 0, '', NULL, NULL, '', 4, NULL, NULL, NULL, NULL, NULL, 10, 10, 1),
(454, '13-5001', 'Disque dur interne 2,5p sata 250gb', '', NULL, '', 0, '2017-07-10', 0, '', NULL, NULL, '', 4, NULL, NULL, NULL, NULL, NULL, 10, 10, 1),
(455, '14-0076', 'Routeur d-link 5 port + wlan', '', NULL, '', 0, '2017-07-10', 0, '', NULL, NULL, '', 4, NULL, NULL, NULL, NULL, NULL, 11, 10, 1),
(456, '17-0025', 'Adaptateur pour disque dur Sharkoon', '', NULL, '', 0, '2017-07-10', 0, '', NULL, NULL, '', 4, NULL, NULL, NULL, NULL, NULL, 11, 10, 1),
(457, '17-0026', 'Tablette Samsung', '', NULL, '', 0, '2017-07-10', 0, '', NULL, NULL, '', 4, NULL, NULL, NULL, NULL, NULL, 11, 10, 1),
(458, '17-0027', 'KVM Belkin Soho', '', NULL, '', 0, '2017-07-10', 0, '', NULL, NULL, '', 4, NULL, NULL, NULL, NULL, NULL, 11, 10, 1),
(459, '17-0028', 'KVM Belkin Soho', '', NULL, '', 0, '2017-07-10', 0, '', NULL, NULL, '', 4, NULL, NULL, NULL, NULL, NULL, 11, 10, 1),
(460, '06-2012', 'Carte Ethernet 10/100 (3COM)', '', NULL, '', 0, '2017-07-10', 0, '', NULL, NULL, '', 4, NULL, NULL, NULL, NULL, NULL, 2, 10, 1),
(461, '14-9002', 'HP Micro serveur avec lecteur CD', '', NULL, '', 0, '2017-07-10', 0, '', NULL, NULL, '', 4, NULL, NULL, NULL, NULL, NULL, 3, 10, 1),
(462, '17-0029', 'Accessoires GoPro', '', NULL, '', 0, '2017-07-10', 0, '', NULL, NULL, '', 4, NULL, NULL, NULL, NULL, NULL, 11, 10, 1),
(463, '17-0030', 'D-Link HD Wi-Fi Day/Night Camera', '', NULL, '', 0, '2017-07-10', 0, '', NULL, NULL, '', 4, NULL, NULL, NULL, NULL, NULL, 10, 10, 1),
(464, '17-0031', 'Logitech HD webcam C270', '', NULL, '', 0, '2017-07-10', 0, '', NULL, NULL, '', 4, NULL, NULL, NULL, NULL, NULL, 10, 10, 1),
(465, '17-0032', 'Logitech HD webcam C270', '', NULL, '', 0, '2017-07-10', 0, '', NULL, NULL, '', 4, NULL, NULL, NULL, NULL, NULL, 10, 10, 1),
(466, '17-0033', 'Webcam Logitech C170', '', NULL, '', 0, '2017-07-10', 0, '', NULL, NULL, '', 4, NULL, NULL, NULL, NULL, NULL, 11, 10, 1),
(467, '00-0064', 'B-Key V. 2.0 FST', '', NULL, '', 0, '2017-07-10', 0, '', NULL, NULL, '', 3, NULL, NULL, NULL, NULL, NULL, 6, 10, 3),
(468, '00-0065', 'B-Key V. 2.5 FST', '', NULL, '', 0, '2017-07-10', 0, '', NULL, NULL, '', 3, NULL, NULL, NULL, NULL, NULL, 6, 10, 3),
(469, '1447', 'USB Bluetooth Asus BT400', '', '20170711_114823.jpg', '', 0, '2017-07-11', 0, '', NULL, NULL, '', 3, NULL, NULL, NULL, NULL, NULL, 6, 10, 3),
(470, '1702', 'USB Bluetooth Asus BT400', '', '20170711_1148231.jpg', '', 0, '2017-07-13', 0, '', NULL, NULL, '', 3, NULL, NULL, NULL, NULL, NULL, 6, 10, 3),
(471, '4174', 'USB Bluetooth Asus BT400', '', '20170711_1148232.jpg', '', 0, '2017-07-13', 0, '', NULL, NULL, '', 3, NULL, NULL, NULL, NULL, NULL, 6, 10, 3),
(472, '4172', 'USB Bluetooth Asus BT400', '', NULL, '', 0, '2017-07-13', 0, '', NULL, NULL, '', 3, NULL, NULL, NULL, NULL, NULL, 6, 10, 3),
(473, '0395', 'USB Bluetooth Asus BT400', '', '20170711_1148233.jpg', '', 0, '2017-07-13', 0, '', NULL, NULL, '', 3, NULL, NULL, NULL, NULL, NULL, 6, 10, 3),
(474, '4180', 'USB Bluetooth Asus BT400', '', '20170711_1148234.jpg', '', 0, '2017-07-13', 0, '', NULL, NULL, '', 3, NULL, NULL, NULL, NULL, NULL, 6, 10, 3),
(475, '1824', 'USB Bluetooth Asus BT400', '', 'DSCN0450.JPG', '', 0, '2017-07-13', 0, '', NULL, NULL, '', 3, NULL, NULL, NULL, NULL, NULL, 6, 10, 3),
(476, '5709', 'USB Bluetooth Asus BT400', '', '20170711_1148236.jpg', '', 0, '2017-07-13', 0, '', NULL, NULL, '', 3, NULL, NULL, NULL, NULL, NULL, 6, 10, 3),
(477, '1797', 'USB Bluetooth Asus BT400', '', '20170711_1148237.jpg', '', 0, '2017-07-13', 0, '', NULL, NULL, '', 3, NULL, NULL, NULL, NULL, NULL, 6, 10, 3),
(478, '6393', 'USB Bluetooth Asus BT400', '', '20170711_1148238.jpg', '', 0, '2017-07-13', 0, '', NULL, NULL, '', 3, NULL, NULL, NULL, NULL, NULL, 6, 10, 3),
(479, '0995', 'USB Bluetooth Asus BT400', '', '20170711_1148239.jpg', '', 0, '2017-07-13', 0, '', NULL, NULL, '', 3, NULL, NULL, NULL, NULL, NULL, 6, 10, 3),
(480, '0993', 'USB Bluetooth Asus BT400', '', '20170711_11482310.jpg', '', 0, '2017-07-13', 0, '', NULL, NULL, '', 3, NULL, NULL, NULL, NULL, NULL, 6, 10, 3),
(481, '0989', 'USB Bluetooth Asus BT400', '', '20170711_11482311.jpg', '', 0, '2017-07-13', 0, '', NULL, NULL, '', 3, NULL, NULL, NULL, NULL, NULL, 6, 10, 3),
(482, '0999', 'USB Bluetooth Asus BT400', '', '20170711_11482312.jpg', '', 0, '2017-07-13', 0, '', NULL, NULL, '', 3, NULL, NULL, NULL, NULL, NULL, 6, 10, 3),
(483, '0997', 'USB Bluetooth Asus BT400', '', '20170711_11482313.jpg', '', 0, '2017-07-13', 0, '', NULL, NULL, '', 3, NULL, NULL, NULL, NULL, NULL, 6, 10, 3),
(484, '0983', 'USB Bluetooth Asus BT400', '', '20170711_11482314.jpg', '', 0, '2017-07-13', 0, '', NULL, NULL, '', 3, NULL, NULL, NULL, NULL, NULL, 6, 10, 3),
(485, '0987', 'USB Bluetooth Asus BT400', '', '20170711_11482315.jpg', '', 0, '2017-07-13', 0, '', NULL, NULL, '', 3, NULL, NULL, NULL, NULL, NULL, 6, 10, 3),
(486, '0985', 'USB Bluetooth Asus BT400', '', '20170711_11482316.jpg', '', 0, '2017-07-13', 0, '', NULL, NULL, '', 3, NULL, NULL, NULL, NULL, NULL, 6, 10, 3),
(487, '0982', 'USB Bluetooth Asus BT400', '', '20170711_11482317.jpg', '', 0, '2017-07-13', 0, '', NULL, NULL, '', 3, NULL, NULL, NULL, NULL, NULL, 6, 10, 3),
(488, '1840', 'USB Bluetooth Asus BT400', '', '20170711_11482318.jpg', '', 0, '2017-07-13', 0, '', NULL, NULL, '', 3, NULL, NULL, NULL, NULL, NULL, 6, 10, 3);

--
-- Contenu de la table `item_tag_link`
--

INSERT INTO `item_tag_link` (`item_tag_link_id`, `item_tag_id`, `item_id`) VALUES
(1, 3, 2),
(8, 3, 3),
(9, 3, 1),
(15, 2, 12),
(16, 3, 12),
(17, 3, 4),
(19, 3, 23),
(20, 3, 26),
(24, 8, 28),
(26, 8, 29),
(27, 2, 36),
(28, 3, 36),
(31, 3, 39),
(34, 3, 40),
(35, 3, 41),
(37, 3, 42),
(38, 3, 46),
(39, 3, 47),
(40, 2, 7),
(41, 3, 7),
(42, 8, 7),
(44, 2, 64),
(45, 2, 69),
(46, 3, 38),
(50, 9, 84),
(51, 9, 85),
(53, 9, 86),
(54, 9, 87),
(55, 9, 88),
(56, 9, 89),
(57, 9, 90),
(58, 9, 91),
(59, 9, 92),
(60, 9, 93),
(61, 9, 94),
(62, 9, 95),
(87, 14, 119),
(88, 14, 120),
(89, 14, 121),
(90, 14, 122),
(91, 14, 123),
(92, 14, 124),
(93, 14, 125),
(94, 14, 126),
(95, 14, 127),
(96, 14, 128),
(97, 14, 129),
(98, 15, 130),
(99, 14, 115),
(100, 14, 116),
(101, 14, 117),
(103, 15, 131),
(104, 15, 132),
(105, 14, 118),
(106, 15, 133),
(116, 15, 138),
(120, 13, 141),
(121, 13, 140),
(122, 13, 139),
(124, 13, 137),
(125, 13, 136),
(127, 13, 135),
(128, 13, 134),
(129, 15, 142),
(130, 13, 143),
(131, 13, 144),
(132, 12, 145),
(133, 17, 146),
(134, 16, 147),
(135, 3, 5),
(137, 3, 8),
(138, 8, 8),
(139, 3, 43),
(140, 3, 44),
(153, 7, 269),
(154, 16, 271),
(159, 18, 272),
(163, 14, 325),
(164, 12, 381),
(165, 17, 467),
(166, 17, 468),
(167, 7, 275),
(168, 12, 276),
(175, 12, 273),
(179, 7, 274),
(184, 11, 469),
(188, 11, 470),
(192, 11, 472),
(193, 11, 471),
(195, 11, 473),
(196, 11, 474),
(199, 11, 476),
(201, 11, 477),
(202, 11, 478),
(203, 11, 479),
(204, 11, 480),
(205, 11, 481),
(206, 11, 482),
(207, 11, 483),
(208, 11, 484),
(209, 11, 485),
(210, 11, 486),
(211, 11, 487),
(212, 11, 488),
(216, 2, 6),
(217, 3, 6),
(218, 8, 6),
(220, 2, 59),
(225, 10, 98),
(226, 10, 99),
(227, 10, 100),
(228, 10, 101),
(229, 10, 102),
(230, 10, 103),
(231, 10, 104),
(232, 10, 105),
(233, 10, 106),
(234, 10, 107),
(235, 10, 108),
(236, 10, 109),
(237, 10, 110),
(238, 10, 111),
(239, 10, 112),
(240, 10, 113),
(241, 10, 114),
(242, 1, 52),
(243, 1, 53),
(244, 10, 96),
(245, 10, 97),
(246, 11, 475);


/*!40101 SET CHARACTER_SET_CLIENT=@OLD_CHARACTER_SET_CLIENT */;
/*!40101 SET CHARACTER_SET_RESULTS=@OLD_CHARACTER_SET_RESULTS */;
/*!40101 SET COLLATION_CONNECTION=@OLD_COLLATION_CONNECTION */;
