-- phpMyAdmin SQL Dump
-- version 4.6.6
-- https://www.phpmyadmin.net/
--
-- Client :  os-dmu934
-- Généré le :  Mer 14 Février 2018 à 09:06
-- Version du serveur :  5.5.52-log
-- Version de PHP :  7.0.13

SET FOREIGN_KEY_CHECKS=0;
SET SQL_MODE = "NO_AUTO_VALUE_ON_ZERO";
SET time_zone = "+00:00";


/*!40101 SET @OLD_CHARACTER_SET_CLIENT=@@CHARACTER_SET_CLIENT */;
/*!40101 SET @OLD_CHARACTER_SET_RESULTS=@@CHARACTER_SET_RESULTS */;
/*!40101 SET @OLD_COLLATION_CONNECTION=@@COLLATION_CONNECTION */;
/*!40101 SET NAMES utf8mb4 */;

--
-- Base de données :  `bwey_stockpomy`
--

--
-- Contenu de la table `item`
--

INSERT INTO `item` (`item_id`, `inventory_number`, `name`, `description`, `image`, `serial_number`, `buying_price`, `buying_date`, `warranty_duration`, `remarks`, `linked_file`, `supplier_id`, `supplier_ref`, `created_by_user_id`, `created_date`, `modified_by_user_id`, `modified_date`, `checked_by_user_id`, `checked_date`, `stocking_place_id`, `item_condition_id`, `item_group_id`) VALUES
(1, '00-0001', 'Clavier Freestyle Solo', 'Clavier séparable en deux parties, inclinables', 'DSCN0538.JPG', '700PBDEAA082', 0, '0000-00-00', 0, 'Support clavier attaché dessous.', NULL, 5, '', 3, NULL, NULL, NULL, NULL, NULL, 6, 10, 3),
(2, 'DI10019', 'Clavier Cherry avec guide doigts', 'Clavier avec guide doigts pour personne ayant des difficultés de coordination des mouvements', 'DSCN0563.JPG', 'G  0000373 5W9', 0, '0000-00-00', 0, '', NULL, 5, '', 3, NULL, NULL, NULL, NULL, NULL, 6, 10, 3),
(3, '00-0002', 'Clavier Cherry avec guide doigts', 'Clavier avec guide doigts pour personne ayant des difficultés de coordination des mouvements', 'DSCN05631.JPG', 'G 0000371 5W9', 0, '0000-00-00', 0, '', NULL, 5, '', 3, NULL, NULL, NULL, NULL, NULL, 6, 10, 3),
(4, '14-6042', 'Clavier Microsoft Sculpt Mobile', 'Clavier incurvé sans fil (Bluetooth), sans pavé numérique', NULL, '0564820029119', 0, '2014-01-01', 0, '', NULL, 4, '', 3, NULL, NULL, NULL, NULL, NULL, 6, 10, 3),
(5, '14-6043', 'Clavier Microsoft Sculpt Mobile', 'Clavier incurvé sans fil (Bluetooth), sans pavé numérique', NULL, '0', 0, '2014-01-01', 0, '', NULL, 4, '', 3, NULL, NULL, NULL, NULL, NULL, 6, 40, 3),
(6, '07-0603 ', 'Set Logitech, clavier, souris et pavé numérique', 'Clavier sans fil relativement plat, avec pavé numérique séparé, connexion avec clé USB Logitech sur support avec rallonge', '20170713_152532.jpg', '', 0, '2007-01-01', 0, 'La souris est hors-service.', NULL, 1, '', 3, NULL, NULL, NULL, NULL, NULL, 6, 10, 3),
(7, '08-0607', 'Set Logitech, clavier, souris et pavé numérique', 'Clavier sans fil relativement plat, avec pavé numérique séparé, connexion avec clé USB Logitech sur support avec rallonge', '20170713_1525321.jpg', '0', 0, '2008-01-01', 0, '', NULL, 1, '', 3, NULL, NULL, NULL, NULL, NULL, 6, 40, 3),
(8, '00-0003', 'Clavier Microsoft mobile keyboard 6000', 'Clavier sans fil (bluetooth) incurvé, avec pavé numérique séparé', 'DSCN0640.JPG', '0201060132213', 0, '0000-00-00', 0, 'S/N du pavé numérique: 0201060132213', NULL, 4, '', 3, NULL, NULL, NULL, NULL, NULL, 6, 10, 3),
(9, '00-0004', 'Clavier Microsoft mobile keyboard 6000', 'Clavier sans fil (bluetooth) incurvé, avec pavé numérique séparé', 'DSCN06401.JPG', '0200920132266', 0, '0000-00-00', 0, '', NULL, 4, '', 3, NULL, NULL, NULL, NULL, NULL, 6, 40, 3),
(10, '13-6007', 'Clavier Microsoft Sculpt Comfort', 'Clavier incurvé sans fil (connexion avec clé USB Microsoft)', 'DSCN0597.JPG', '0509800136884EC', 0, '2013-01-01', 0, 'Numéro de série du connecteur 02202486169127221240.', NULL, 4, '', 3, NULL, NULL, NULL, NULL, NULL, 6, 10, 3),
(11, '00-0005', 'Clavier et souris Logitech sans fil', 'Clavier et souris sans fil (connecteur Logitech en PS/2)', 'DSCN05421.JPG', '', 0, '2007-01-01', 0, '', NULL, 1, '', 3, NULL, NULL, NULL, NULL, NULL, 6, 40, 3),
(12, '07-0605', 'Clavier et souris Logitech sans fil', 'Clavier et souris sans fil (connecteur Logitech en PS/2)', 'DSCN0542.JPG', 'FX7 13 3 A', 0, '2007-01-01', 0, 'Numéro de série du connecteur LZ705AD.', NULL, 1, '', 3, NULL, NULL, NULL, NULL, NULL, 6, 10, 3),
(13, '09-0601', 'Clavier et souris Logitech sans fil', 'Clavier et souris sans fil (connecteur Logitech en PS/2)', 'DSCN0593.JPG', 'SC8020H', 0, '2009-01-01', 0, 'Viens avec une pile supplémentaire dans la boite en plus de celles dans la souris.\r\nNuméro de série du connecteur LZ801AD. Numéro de série de la souris LZ747AW.', NULL, 1, '', 3, NULL, NULL, NULL, NULL, NULL, 6, 10, 3),
(14, '00-0006', 'Clavier HP pour malvoyant', 'Clavier standard avec des autocollants pour malvoyant (lettres jaunes)', 'DSCN0517.JPG', '', 0, '0000-00-00', 0, '', NULL, 1, '', 3, NULL, NULL, NULL, NULL, NULL, 6, 10, 3),
(15, '00-0007', 'Clavier VIG pour malvoyant', 'Clavier normal noir avec grosses lettres blanches', 'DSCN0536.JPG', 'G 0002999', 0, '0000-00-00', 0, '', NULL, 1, '', 3, NULL, NULL, NULL, NULL, NULL, 6, 10, 3),
(16, '00-0008', 'Clavier VIG pour malvoyant', 'Clavier normal noir avec grosses lettres blanches', 'DSCN05361.JPG', 'G 0003005', 0, '0000-00-00', 0, '', NULL, 1, '', 3, NULL, NULL, NULL, NULL, NULL, 6, 10, 3),
(17, '00-0009', 'Clavier VIG pour malvoyant', 'Clavier normal noir avec grosses lettres blanches', 'DSCN05362.JPG', 'G 0003188', 0, '0000-00-00', 0, '', NULL, 1, '', 3, NULL, NULL, NULL, NULL, NULL, 6, 10, 3),
(18, '00-0010', 'Clavier VIG pour malvoyant', 'Clavier normal noir avec grosses lettres blanches', 'DSCN05363.JPG', 'SD-2822-0605', 0, '0000-00-00', 0, '', NULL, 1, '', 3, NULL, NULL, NULL, NULL, NULL, 6, 10, 3),
(19, '00-2387', 'Clavier Cherry compact keyboard', 'Mini clavier avec fil, sans pavé numérique', 'DSCN05301.JPG', 'C 002387 X01', 0, '0000-00-00', 0, '', NULL, 1, '', 3, NULL, NULL, NULL, NULL, NULL, 6, 10, 3),
(20, '00-2394', 'Clavier Cherry compact keyboard', 'Mini clavier avec fil, sans pavé numérique', 'DSCN0530.JPG', 'C 002394 X01', 0, '0000-00-00', 0, '', NULL, 1, '', 3, NULL, NULL, NULL, NULL, NULL, 6, 10, 3),
(21, '00-1977', 'Clavier Cherry compact keyboard', 'Mini clavier avec fil, sans pavé numérique', 'DSCN05302.JPG', 'C 001977 X01', 0, '0000-00-00', 0, '', NULL, 1, '', 3, NULL, NULL, NULL, NULL, NULL, 6, 10, 3),
(22, '00-0077', 'Clavier Cherry trackball', 'Clavier sans pavé numérique avec trackball', 'DSCN05751.JPG', 'C 000405 V12', 0, '0000-00-00', 0, '', NULL, 1, '', 3, NULL, NULL, NULL, NULL, NULL, 6, 10, 3),
(23, '00-0078', 'Clavier Cherry trackball', 'Clavier sans pavé numérique avec trackball', 'DSCN0575.JPG', 'C000406 V12', 0, '0000-00-00', 0, 'Autocollants noirs sur la moitié des touches (pour utilisation mono-manuelle)', NULL, 1, '', 3, NULL, NULL, NULL, NULL, NULL, 6, 10, 3),
(24, '02-0603', 'Clavier Chicony smart-105 keyboard', 'Clavier incurvé avec fil (PS/2)', 'DSCN0519.JPG', '0111075279B', 0, '2002-01-01', 0, '', NULL, 6, '', 3, NULL, NULL, NULL, NULL, NULL, 6, 10, 3),
(25, '02-0604', 'Clavier Chicony smart-105 keyboard', 'Clavier incurvé avec fil (PS/2)', 'DSCN05191.JPG', '0105022066', 0, '2002-01-01', 0, '', NULL, 6, '', 3, NULL, NULL, NULL, NULL, NULL, 6, 10, 3),
(26, '02-0605', 'Clavier Chicony smart-105 keyboard', 'Clavier incurvé avec fil (PS/2)', 'DSCN05192.JPG', '0105022063', 0, '2002-01-01', 0, '', NULL, 6, '', 3, NULL, NULL, NULL, NULL, NULL, 6, 10, 3),
(27, '00-0601', 'Clavier Microsoft natural keyboard', 'Clavier incurvé avec fil (PS/2)', 'DSCN0577.JPG', 'LN9518006674', 0, '0000-00-00', 0, '', NULL, 1, '', 3, NULL, NULL, NULL, NULL, NULL, 6, 10, 3),
(28, 'DI10003', 'Pavé numérique Logitech', 'Pavé numérique sans fil', 'DSCN0524.JPG', 'DF01005LZ', 0, '2010-01-01', 0, 'Manque l\'émetteur Logitech (clé USB)', NULL, 4, '', 3, NULL, NULL, NULL, NULL, NULL, 6, 30, 3),
(29, 'DI10002', 'Pavé numérique Logitech', 'Pavé numérique sans fil', 'DSCN05242.JPG', '0', 0, '2010-01-01', 0, '', NULL, 4, '', 3, NULL, NULL, NULL, NULL, NULL, 6, 10, 3),
(30, '00-0011', 'Pavé numérique souple', '', 'DSCN0562.JPG', '', 0, '0000-00-00', 0, '', NULL, 1, '', 3, NULL, NULL, NULL, NULL, NULL, 6, 10, 3),
(31, '14-6045', 'Pavé numérique Cherry', 'Pavé numérique avec 4 touches programmables, avec fil', 'DSCN0522.JPG', 'C 005877 A17 BAW-0449 CYA', 0, '0000-00-00', 0, '', NULL, 1, '', 3, NULL, NULL, NULL, NULL, NULL, 6, 10, 3),
(32, '14-6044', 'Pavé numérique Cherry', 'Pavé numérique avec 4 touches programmables, avec fil', 'DSCN05221.JPG', 'C 005878 A17 BAW-0449 CYA', 0, '0000-00-00', 0, '', NULL, 1, '', 3, NULL, NULL, NULL, NULL, NULL, 6, 10, 3),
(33, '00-0012', 'Set Microsoft Sculpt Ergonomic', 'Clavier, souris, pavé numérique sans fil (bluetooth)', 'DSCN0585.JPG', '06250-486-0583552-01335', 0, '0000-00-00', 0, 'Numéro de série du pavé numérique 0625060059171. Numéro de série de la souris 06234-523-0775934-01332.', NULL, 1, '', 3, NULL, NULL, NULL, NULL, NULL, 6, 10, 3),
(34, '13-6005', 'Wedge Mobile Clavier', 'Mini clavier sans fil', 'DSCN0645.JPG', '04967-545-2001297-01244', 0, '0000-00-00', 0, '', NULL, 1, '', 3, NULL, NULL, NULL, NULL, NULL, 6, 10, 3),
(35, '13-6006', 'Wedge Mobile Clavier', 'Mini clavier sans fil', 'DSCN06451.JPG', '', 0, '2017-06-23', 0, '', NULL, 1, '', 3, NULL, NULL, NULL, NULL, NULL, 6, 10, 3),
(36, '05614', 'Set clavier+souris+émetteur bluetooth Logitech', '', 'DSCN0535.JPG', '7421700039391', 0, '0000-00-00', 0, 'Souris, émetteur et piles non-trouvable.', NULL, 1, '', 3, NULL, NULL, NULL, NULL, NULL, 6, 30, 3),
(37, '00-0013', 'Clavier Microsoft Natural Ergonomic 4000', '', 'DSCN0587.JPG', '7687605548685', 0, '0000-00-00', 0, '', NULL, 1, '', 3, NULL, NULL, NULL, NULL, NULL, 6, 10, 3),
(38, '14-6050', 'Clavier Logitech Illuminated', '', 'DSCN0554.JPG', '', 0, '0000-00-00', 0, '', NULL, 1, '', 3, NULL, NULL, NULL, NULL, NULL, 6, 10, 3),
(39, '14-6047', 'Clavier Logitech Illuminated', '', 'DSCN05541.JPG', '0', 0, '2017-06-23', 0, '', NULL, 1, '', 3, NULL, NULL, NULL, NULL, NULL, 6, 10, 3),
(40, '14-6048', 'Clavier Logitech Illuminated', '', 'DSCN05542.JPG', 'LZ032BD', 0, '2017-06-23', 0, '', NULL, 1, '', 3, NULL, NULL, NULL, NULL, NULL, 6, 10, 3),
(41, '14-6046', 'Clavier Logitech Illuminated', '', 'DSCN05543.JPG', '0', 0, '2017-06-23', 0, '', NULL, 1, '', 3, NULL, NULL, NULL, NULL, NULL, 6, 10, 3),
(42, '00-0014', 'Clavier Logitech Illuminated', '', 'DSCN05544.JPG', '0', 0, '2017-06-23', 0, '', NULL, 1, '', 3, NULL, NULL, NULL, NULL, NULL, 6, 10, 3),
(43, '00-0015', 'Clavier Logitech Illuminated', '', 'DSCN05545.JPG', '0', 0, '2017-06-23', 0, '', NULL, 1, '', 3, NULL, NULL, NULL, NULL, NULL, 6, 10, 3),
(44, '00-0016', 'Clavier Logitech Illuminated', '', 'DSCN05546.JPG', '0', 0, '2017-06-23', 0, '', NULL, 1, '', 3, NULL, NULL, NULL, NULL, NULL, 6, 10, 3),
(45, '00-0017', 'Clavier normal FST', '', 'DSCN0559.JPG', '9504002272', 0, '0000-00-00', 0, '', NULL, 1, '', 3, NULL, NULL, NULL, NULL, NULL, 6, 10, 3),
(46, '16-6051', 'Clavier Logitech Illuminated', '', 'DSCN05547.JPG', '0', 0, '2017-06-23', 0, '', NULL, 1, '', 3, NULL, NULL, NULL, NULL, NULL, 6, 10, 3),
(47, '16-6052', 'Clavier Logitech Illuminated', '', 'DSCN05548.JPG', '0', 0, '2017-06-23', 0, '', NULL, 1, '', 3, NULL, NULL, NULL, NULL, NULL, 6, 10, 3),
(48, '16-6053', 'Clavier Logitech Illuminated', '', 'DSCN05549.JPG', '', 0, '2017-06-23', 0, '', NULL, 1, '', 3, NULL, NULL, NULL, NULL, NULL, 6, 10, 3),
(49, '00-0018', 'Clavier Microsoft Natural Ergonomic 4000', '', 'DSCN05871.JPG', '7687605548694', 0, '0000-00-00', 0, '', NULL, 1, '', 3, NULL, NULL, NULL, NULL, NULL, 6, 10, 3),
(50, '00-0019', 'Clavier Logitech Illuminated', '', 'DSCN055410.JPG', '1548LZ0E8ZQ8', 0, '2017-06-23', 0, '', NULL, 1, '', 3, NULL, NULL, NULL, NULL, NULL, 6, 10, 3),
(51, '14-6049', 'Clavier Logitech Illuminated', '', 'DSCN055411.JPG', '', 0, '2017-06-23', 0, '', NULL, 1, '', 3, NULL, NULL, NULL, NULL, NULL, 6, 10, 3),
(52, 'PO150382', 'PC portable HP', '', 'DSCN0436.JPG', '5CG5202W8H', 0, '0000-00-00', 0, '', NULL, 7, '', 3, NULL, NULL, NULL, NULL, NULL, 7, 10, 4),
(53, 'PO170068', 'PC portable HP', '', 'DSCN0445.JPG', '5CG7075T0D', 0, '0000-00-00', 0, 'Prêté à long terme à Stéphanie Kessler (psychologue en orientation).', NULL, 7, '', 3, NULL, NULL, NULL, NULL, NULL, 7, 10, 4),
(54, '00-0020', 'Souris Ergo Marble Logitech', '', 'DSCN04682.JPG', 'LZE42850810', 0, '2017-06-23', 0, '', NULL, 1, '', 3, NULL, NULL, NULL, NULL, NULL, 6, 10, 3),
(55, '00-0021', 'Souris Ergo Marble Logitech', '', 'DSCN04683.JPG', 'LZ933BN', 0, '2017-06-23', 0, '', NULL, 1, '', 3, NULL, NULL, NULL, NULL, NULL, 6, 10, 3),
(56, '00-0022', 'Souris Ergo Trackman Wheel Logitech', 'Trackball', 'DSCN04881.JPG', 'LZ00233', 0, '2017-06-23', 0, '                                            ', NULL, 1, '', 3, NULL, NULL, NULL, NULL, NULL, 6, 10, 3),
(57, '02606', 'Souris Ergo Trackman Wheel Logitech', '', 'DSCN0488.JPG', 'LZE23002499', 0, '2017-06-23', 0, '', NULL, 1, '', 3, NULL, NULL, NULL, NULL, NULL, 6, 10, 3),
(58, '00-0023', 'Souris Joystick', '', 'DSCN0497.JPG', '143 0629 C', 0, '2017-06-23', 0, '', NULL, 1, '', 3, NULL, NULL, NULL, NULL, NULL, 6, 10, 3),
(59, 'DI10016', 'Souris Joystick', '', 'DSCN0467.JPG', '10310090', 0, '2017-06-23', 0, '', NULL, 1, '', 3, NULL, NULL, NULL, NULL, NULL, 6, 10, 3),
(60, '09618', 'Souris Petite taille Logitech', '', 'DSCN04781.JPG', '', 0, '2017-06-23', 0, '-Pas trouvé par WiGe.', NULL, 1, '', 3, NULL, NULL, NULL, NULL, NULL, 6, 40, 3),
(61, '09617', 'Souris Petite taille Logitech', 'Taille: 10 x 6 x 3 cm', 'DSCN0478.JPG', 'LZ932AL', 0, '2017-06-23', 0, '', NULL, 1, '', 3, NULL, NULL, NULL, NULL, NULL, 6, 10, 3),
(62, '13-6004', 'Souris verticale Evoluent', '', 'DSCN0470.JPG', '441308145591', 0, '2017-06-23', 0, 'Sans fil.', NULL, 1, '', 3, NULL, NULL, NULL, NULL, NULL, 6, 10, 3),
(63, '14-6041', 'Souris verticale Evoluent', '', 'DSCN0471.JPG', '411312189610', 0, '2017-06-23', 0, 'Souris droitier.', NULL, 1, '', 3, NULL, NULL, NULL, NULL, NULL, 6, 10, 3),
(64, '14-6003', 'Souris verticale Evoluent  (gaucher)', '', 'DSCN0500.JPG', '421305110372', 0, '2017-06-23', 0, '', NULL, 1, '', 3, NULL, NULL, NULL, NULL, NULL, 6, 10, 3),
(65, '00-0024', 'Souris verticale Evoluent', '', 'DSCN0473.JPG', '04100913316', 0, '2017-06-23', 0, '', NULL, 1, '', 3, NULL, NULL, NULL, NULL, NULL, 6, 10, 3),
(66, '00-0025', 'Souris-bague', '', 'DSCN0581.JPG', '3G0006785', 0, '0000-00-00', 0, '', NULL, 1, '', 3, NULL, NULL, NULL, NULL, NULL, 6, 10, 3),
(67, '00-0026', 'Souris-bague', '', 'DSCN05811.JPG', '311 01018', 0, '0000-00-00', 0, '', NULL, 1, '', 3, NULL, NULL, NULL, NULL, NULL, 6, 10, 3),
(69, '00-0027', 'Souris Ergoption OysterMouse', '', 'DSCN04991.JPG', '150500681', 0, '2017-06-23', 0, 'Veuillez n\'utiliser qu\'avec la clé USB fournie, et cette dernière qu\'avec cette souris', NULL, 1, '', 3, NULL, NULL, NULL, NULL, NULL, 6, 10, 3),
(70, '00-0028', 'Souris Ergoption OysterMouse', '', 'DSCN0499.JPG', '150500697', 0, '2017-06-23', 0, 'Veuillez n\'utiliser qu\'avec la clé USB fournie, et cette dernière qu\'avec cette souris', NULL, 1, '', 3, NULL, NULL, NULL, NULL, NULL, 6, 10, 3),
(71, '13-6008', 'Pavé tactile USB', '', 'DSCN0464.JPG', 'LZ148AE', 0, '2017-06-23', 0, 'Viens avec deux récepteurs.', NULL, 1, '', 3, NULL, NULL, NULL, NULL, NULL, 6, 10, 3),
(72, '00-0029', 'Logitech Ultrathin Touch Mouse', '', 'DSCN04611.JPG', '1535LZ0ADT38', 0, '2017-06-23', 0, '', NULL, 1, '', 3, NULL, NULL, NULL, NULL, NULL, 6, 10, 3),
(73, '00-0030', 'Logitech Ultrathin Touch Mouse', '', 'DSCN04612.JPG', '1535LZ0ADZM8', 0, '2017-06-23', 0, '', NULL, 1, '', 3, NULL, NULL, NULL, NULL, NULL, 6, 10, 3),
(74, '00-0031', 'Logitech Ultrathin Touch Mouse', '', 'DSCN04613.JPG', '1535LZ0ADWC8', 0, '2017-06-23', 0, '', NULL, 1, '', 3, NULL, NULL, NULL, NULL, NULL, 6, 10, 3),
(75, '0682', 'Souris Ergo Trackman Wheel Logitech', '', 'DSCN04882.JPG', '', 0, '2017-06-23', 0, 'Trackball\r\n-Pas trouvé par WiGe.', NULL, 1, '', 3, NULL, NULL, NULL, NULL, NULL, 6, 10, 3),
(77, '16-0305', 'Logitech Ultrathin Touch Mouse', '', 'DSCN04614.JPG', '1333LZOAU5V8', 0, '2017-06-23', 0, '', NULL, 1, '', 3, NULL, NULL, NULL, NULL, NULL, 6, 10, 3),
(78, '00-0033', 'Logitech Ultrathin Touch Mouse', '', 'DSCN0461.JPG', '1333LZODD1A8', 0, '2017-06-23', 0, '', NULL, 1, '', 3, NULL, NULL, NULL, NULL, NULL, 6, 10, 3),
(79, '00-0034', 'Logitech Ultrathin Touch Mouse', '', 'DSCN04615.JPG', '1333LZOAU558', 0, '2017-06-23', 0, '', NULL, 1, '', 3, NULL, NULL, NULL, NULL, NULL, 6, 10, 3),
(84, '14-7002', 'Macrolecteur Optelec', '', 'DSCN0644.JPG', 'TS1319A0047', 0, '0000-00-00', 0, 'écran 24\'\'', NULL, 1, '', 3, NULL, NULL, NULL, NULL, NULL, 8, 10, 3),
(85, '14-7001', 'Macrolecteur Vocatex', '', NULL, '', 0, '2017-06-26', 0, 'écran 22\'\'', NULL, 1, '', 3, NULL, NULL, NULL, NULL, NULL, 8, 10, 3),
(86, '00-0036', 'Reinecker Topolino Capo', '', 'DSCN0641.JPG', ' K1211320627', 0, '0000-00-00', 0, '', NULL, 1, '', 3, NULL, NULL, NULL, NULL, NULL, 6, 10, 3),
(87, '00-0037', 'Reinecker Uno', '', 'DSCN0642.JPG', ' G49492079', 0, '0000-00-00', 0, '', NULL, 1, '', 3, NULL, NULL, NULL, NULL, NULL, 8, 10, 3),
(88, '0847', 'Reinecker Uno', '', 'DSCN06421.JPG', '05/11-0847', 0, '2017-06-26', 0, '', NULL, 1, '', 3, NULL, NULL, NULL, NULL, NULL, 6, 10, 3),
(89, 'ch-4001', 'Reinecker Uno', '', 'DSCN06422.JPG', '05/05-0861', 0, '2017-06-26', 0, '', NULL, 1, '', 3, NULL, NULL, NULL, NULL, NULL, 7, 10, 3),
(90, '00-0032', 'Reinecker Uno', '', 'DSCN06423.JPG', 'G49560343', 0, '2017-06-26', 0, '', NULL, 1, '', 3, NULL, NULL, NULL, NULL, NULL, 6, 30, 3),
(91, '00-0038', 'Reinecker Uno', '', 'DSCN06424.JPG', 'J 100 600 810', 0, '2017-06-26', 0, '', NULL, 1, '', 3, NULL, NULL, NULL, NULL, NULL, 6, 10, 3),
(92, '00-0039', 'Reinecker Videomatic Lux', '', 'DSCN0643.JPG', ' K121114191', 0, '0000-00-00', 0, '', NULL, 1, '', 3, NULL, NULL, NULL, NULL, NULL, 7, 10, 3),
(93, '00-0040', 'Reinecker Videomatic Lux', '', 'DSCN06432.JPG', 'J 100 103 240', 0, '2017-06-26', 0, '', NULL, 1, '', 3, NULL, NULL, NULL, NULL, NULL, 6, 10, 3),
(94, 'DI12228', 'Reinecker Videomatic Lux', '', 'DSCN06431.JPG', 'J100502150', 0, '0000-00-00', 0, '', NULL, 1, '', 3, NULL, NULL, NULL, NULL, NULL, 6, 10, 3),
(95, '065895', 'MagniLink Student Pro', '', NULL, '', 0, '2017-06-26', 0, '-Pas trouvé par WiGe.', NULL, 1, '', 3, NULL, NULL, NULL, NULL, NULL, 7, 40, 3),
(96, '00-0042', 'Bras Ergotron LX', '', 'DSCN0440.JPG', '1181419-0251', 0, '2017-06-29', 0, '', NULL, 1, '', 3, NULL, NULL, NULL, NULL, NULL, 8, 10, 3),
(97, '00-0043', 'Bras Ergotron LX', '', 'DSCN04401.JPG', '1181459-1208', 0, '2017-06-29', 0, '', NULL, 1, '', 3, NULL, NULL, NULL, NULL, NULL, 8, 10, 3),
(98, '00-0044', 'Bras Ergotron LX', '', 'DSCN04402.JPG', '1181459-1202', 0, '2017-06-29', 0, '', NULL, 1, '', 3, NULL, NULL, NULL, NULL, NULL, 8, 10, 3),
(99, '00-0045', 'Bras Ergotron LX', '', 'DSCN04403.JPG', '', 0, '2017-06-29', 0, '', NULL, 1, '', 3, NULL, NULL, NULL, NULL, NULL, 8, 10, 3),
(100, '00-0046', 'Bras Ergotron LX', '', 'DSCN04404.JPG', '', 0, '2017-06-29', 0, '', NULL, 1, '', 3, NULL, NULL, NULL, NULL, NULL, 8, 10, 3),
(101, '00-0047', 'Bras Ergotron LX', '', 'DSCN04405.JPG', '', 0, '2017-06-29', 0, '', NULL, 1, '', 3, NULL, NULL, NULL, NULL, NULL, 8, 10, 3),
(102, '00-0048', 'Bras Ergotron LX', '', 'DSCN04406.JPG', '', 0, '2017-06-29', 0, '', NULL, 1, '', 3, NULL, NULL, NULL, NULL, NULL, 8, 10, 3),
(103, '00-0049', 'Bras Ergotron LX', '', 'DSCN04407.JPG', '', 0, '2017-06-29', 0, '', NULL, 1, '', 3, NULL, NULL, NULL, NULL, NULL, 8, 10, 3),
(104, '00-0050', 'Bras Ergotron LX', '', 'DSCN04408.JPG', '', 0, '2017-06-29', 0, '', NULL, 1, '', 3, NULL, NULL, NULL, NULL, NULL, 8, 10, 3),
(105, '00-0051', 'Bras Ergotron LX', '', 'DSCN04409.JPG', '', 0, '2017-06-29', 0, '', NULL, 1, '', 3, NULL, NULL, NULL, NULL, NULL, 8, 10, 3),
(106, '00-0052', 'Bras Ergotron LX', '', 'DSCN044010.JPG', '', 0, '2017-06-29', 0, '', NULL, 1, '', 3, NULL, NULL, NULL, NULL, NULL, 8, 10, 3),
(107, '00-0053', 'Bras Ergotron LX', '', 'DSCN044011.JPG', '', 0, '2017-06-29', 0, '', NULL, 1, '', 3, NULL, NULL, NULL, NULL, NULL, 8, 10, 3),
(108, '00-0054', 'Bras Ergotron LX', '', 'DSCN044012.JPG', '', 0, '2017-06-29', 0, '', NULL, 1, '', 3, NULL, NULL, NULL, NULL, NULL, 8, 10, 3),
(109, '00-0055', 'Bras Ergotron LX', '', 'DSCN044013.JPG', '', 0, '2017-06-29', 0, '', NULL, 1, '', 3, NULL, NULL, NULL, NULL, NULL, 8, 10, 3),
(110, '00-0056', 'Bras Ergotron LX', '', 'DSCN044014.JPG', '', 0, '2017-06-29', 0, '', NULL, 1, '', 3, NULL, NULL, NULL, NULL, NULL, 8, 10, 3),
(111, '00-0057', 'Bras Ergotron LX', '', 'DSCN044015.JPG', '', 0, '2017-06-29', 0, '', NULL, 1, '', 3, NULL, NULL, NULL, NULL, NULL, 8, 10, 3),
(112, '00-0058', 'Bras Ergotron LX', '', 'DSCN044016.JPG', '', 0, '2017-06-29', 0, '', NULL, 1, '', 3, NULL, NULL, NULL, NULL, NULL, 8, 10, 3),
(113, '00-0059', 'Bras Ergotron LX', '', 'DSCN044017.JPG', '', 0, '2017-06-29', 0, '', NULL, 1, '', 3, NULL, NULL, NULL, NULL, NULL, 8, 10, 3),
(114, '00-0060', 'Bras Ergotron LX', '', 'DSCN044018.JPG', '', 0, '2017-06-29', 0, '-Pas trouvé par WiGe.', NULL, 1, '', 3, NULL, NULL, NULL, NULL, NULL, 8, 40, 3),
(146, '00-0063', 'Dragon NaturallySpeaking Premium V.13', '', 'DSCN0605.JPG', 'C19603714G', 0, '0000-00-00', 0, '', NULL, 1, '', 3, NULL, NULL, NULL, NULL, NULL, 6, 10, 3),
(147, '04903', 'Beamer Mistubishi', '', 'DSCN0625.JPG', '0004012', 0, '0000-00-00', 0, '', NULL, 1, '', 3, NULL, NULL, NULL, NULL, NULL, 7, 10, 3),
(148, '00-1068', 'PC atelier Compaq EVO infobs', '', 'Capture.PNG', '', 0, '2017-07-06', 0, '                                            ', NULL, 1, '', 4, NULL, NULL, NULL, NULL, NULL, 10, 10, 1),
(149, '00-1070', 'PC atelier Compaq EVO infobs', '', 'Capture1.PNG', '', 0, '2017-07-06', 0, '                                            ', NULL, 1, '', 4, NULL, NULL, NULL, NULL, NULL, 10, 10, 1),
(150, '00-1072', 'PC atelier Compaq EVO infobs', '', NULL, '', 0, '2017-07-06', 0, '', NULL, 1, '', 4, NULL, NULL, NULL, NULL, NULL, 1, 10, 1),
(151, '06-1001', '\"PC \"\"maintenance\"\" Boitier grande tour - Pentium 4 3GHz - DDR2 1Gb HD 120Gb - lecteur/graveur DVD\"', '', NULL, '', 0, '2017-07-06', 0, '', NULL, 1, '', 4, NULL, NULL, NULL, NULL, NULL, 2, 30, 1),
(152, '06-2001', 'Clé USB bluetooth (MSI)', '', '20180125_101930.jpg', '', 0, '2017-07-06', 0, '', NULL, 1, '', 4, NULL, NULL, NULL, NULL, NULL, 11, 10, 2),
(153, '06-2002', 'Clé USB bluetooth (MSI)', '', NULL, '', 0, '2017-07-06', 0, '', NULL, 1, '', 4, NULL, NULL, NULL, NULL, NULL, 11, 40, 1),
(154, '06-2005', 'Clé USB Wifi (ROLINE)', '', NULL, '', 0, '2017-07-06', 0, '', NULL, 1, '', 4, NULL, NULL, NULL, NULL, NULL, 11, 40, 1),
(155, '06-2008', 'Carte PCI Wifi (D-LINK)', '', NULL, '', 0, '2017-07-06', 0, '', NULL, 1, '', 4, NULL, NULL, NULL, NULL, NULL, 11, 40, 1),
(156, '06-2009', 'Routeur Câble/xDSL, Firewall, VPN (NETGEAR)', '', '20180116_105027.jpg', '14A4587Y00603', 0, '2017-07-06', 0, '', NULL, 1, '', 4, NULL, NULL, NULL, NULL, NULL, 11, 10, 2),
(157, '06-2010', 'Routeur Câble/xDSL, Firewall, point d\'accès Wifi (NETGEAR)', '', '20180116_153836.jpg', '', 0, '2017-07-06', 0, '', NULL, 1, '', 4, NULL, NULL, NULL, NULL, NULL, 11, 10, 2),
(158, '06-2011', 'Carte Ethernet 10/100 (3COM)', '', NULL, '', 0, '2017-07-06', 0, '', NULL, 1, '', 4, NULL, NULL, NULL, NULL, NULL, 2, 10, 1),
(159, '06-2013', 'Carte Ethernet 10/100 (3COM)', '', NULL, '', 0, '2017-07-06', 0, '', NULL, 1, '', 4, NULL, NULL, NULL, NULL, NULL, 2, 10, 1),
(160, '06-2014', 'Print Server 1 port parallèle, 2 ports USB (SURECOM)', '', NULL, '', 0, '2017-07-06', 0, '', NULL, 1, '', 4, NULL, NULL, NULL, NULL, NULL, 11, 10, 1),
(161, '06-2015', 'Switch Ethernet 10/100, 8 ports (PLANET)', '', NULL, '', 0, '2017-07-06', 0, '', NULL, 1, '', 4, NULL, NULL, NULL, NULL, NULL, 11, 10, 1),
(162, '06-2016', 'Switch Ethernet 10/100, 8 ports (PLANET)', '', NULL, '', 0, '2017-07-06', 0, '', NULL, 1, '', 4, NULL, NULL, NULL, NULL, NULL, 11, 10, 1),
(163, '06-2017', 'Switch Ethernet 10/100, 8 ports (PLANET)', '', NULL, '', 0, '2017-07-06', 0, '', NULL, 1, '', 4, NULL, NULL, NULL, NULL, NULL, 11, 40, 1),
(164, '06-2018', 'Modem analogique 56k USB (US ROBOTICS)', '', NULL, '', 0, '2017-07-06', 0, '', NULL, 1, '', 4, NULL, NULL, NULL, NULL, NULL, 11, 40, 1),
(165, '06-5006', 'Boitier disque dur externe 3.5\'\' SATA, USB/Firewire (DATA-TEC)', '', NULL, '', 0, '2017-07-06', 0, '', NULL, 1, '', 4, NULL, NULL, NULL, NULL, NULL, 11, 40, 1),
(166, '06-6001', 'Casque mains-libres bluetooth (MSI)', '', NULL, '', 0, '2017-07-06', 0, '', NULL, 1, '', 4, NULL, NULL, NULL, NULL, NULL, 11, 40, 1),
(167, '06-6002', 'Casque mains-libres bluetooth (MSI)', '', NULL, '', 0, '2017-07-06', 0, '                                            ', NULL, 1, '', 4, NULL, NULL, NULL, NULL, NULL, 11, 40, 1),
(168, '06-6004', 'Scanner A4 (CANON)', '', NULL, '', 0, '2017-07-06', 0, '', NULL, 1, '', 4, NULL, NULL, NULL, NULL, NULL, 1, 10, 1),
(169, '06-9001', 'Malette d\'outillage pour réseau', '', NULL, '', 0, '2017-07-06', 0, '', NULL, 1, '', 4, NULL, NULL, NULL, NULL, NULL, 11, 10, 1),
(170, '06-9002', 'Trousse à outils', '', '20180109_142702.jpg', '', 0, '2017-07-06', 0, '', NULL, 1, '', 4, NULL, NULL, NULL, NULL, NULL, 11, 10, 2),
(171, '06-9003', 'Pince à sertir', '', NULL, '', 0, '2017-07-06', 0, '', NULL, 1, '', 4, NULL, NULL, NULL, NULL, NULL, 11, 10, 1),
(172, '07-1007', '\"Serveur NAS BUFFALO TeraStation Pro II 1To (4x250Go) - RAID 0 - 1 - 5 - 10\"', '', NULL, '', 0, '2017-07-06', 0, '', NULL, 1, '', 4, NULL, NULL, NULL, NULL, NULL, 3, 30, 1),
(173, '07-2020', 'Switch Ethernet 10/100, 8 ports (D-LINK)', '', '20180116_102204.jpg', 'DR9P371011585', 0, '2017-07-06', 0, '', NULL, 1, '', 4, NULL, NULL, NULL, NULL, NULL, 11, 10, 2),
(174, '07-6011', 'Hub USB externe 4 ports (BRAVO)', '', NULL, '', 0, '2017-07-06', 0, '', NULL, 1, '', 4, NULL, NULL, NULL, NULL, NULL, 11, 10, 1),
(175, '07-6012', 'Lecteur disquette externe USB (Iomega)', '', 'DSCN0667.JPG', 'JGGH0300M7', 0, '2017-07-06', 0, '                                                                                        ', NULL, 1, '', 4, NULL, NULL, NULL, NULL, NULL, 10, 10, 1),
(176, '07-6021', 'Presenter Powerpoint (Logitech)', '', NULL, '', 0, '2017-07-06', 0, '', NULL, 1, '', 4, NULL, NULL, NULL, NULL, NULL, 1, 10, 1),
(177, '08-0001', '\"Notebook Power Adapter Alimentation universelle\"', '', NULL, '', 0, '2017-07-06', 0, '', NULL, 1, '', 4, NULL, NULL, NULL, NULL, NULL, 11, 10, 1),
(178, '08-2025', 'Switch Ethernet 10/100, 8 ports (Zyxel)', '', 'DSCN0662.JPG', '', 0, '2017-07-06', 0, '                                            ', NULL, 1, '', 4, NULL, NULL, NULL, NULL, NULL, 10, 10, 1),
(179, '08-5013', 'Boitier pour HD 3.5\"[USB vers e-SATA] (L-Case)', '', NULL, '', 0, '2017-07-06', 0, 'Pas trouvé', NULL, 1, '', 4, NULL, NULL, NULL, NULL, NULL, 10, 40, 1),
(180, '08-5014', 'Boitier pour HD 3.5\"[USB vers e-SATA] (L-Case)', '', NULL, '', 0, '2017-07-06', 0, '', NULL, 1, '', 4, NULL, NULL, NULL, NULL, NULL, 11, 40, 1),
(181, '09-1031', 'PC atelier Compaq EVO infobs', '', NULL, '', 0, '2017-07-06', 0, 'sur la table à l\'arrière des bureaux d\'observation', NULL, 1, '', 4, NULL, NULL, NULL, NULL, NULL, 1, 10, 1),
(182, '09-1034', 'Moniteur HP 1530 (TFT 15\')', '', NULL, '', 0, '2017-07-06', 0, '', NULL, 1, '', 4, NULL, NULL, NULL, NULL, NULL, 2, 10, 1),
(183, '09-2026', 'Carte Ethernet Gigabit NETGEAR', '', NULL, '', 0, '2017-07-06', 0, '', NULL, 1, '', 4, NULL, NULL, NULL, NULL, NULL, 2, 10, 1),
(184, '09-2067', 'Carte Ethernet Gigabit NETGEAR', '', NULL, '0', 0, '2017-07-06', 0, '', NULL, 1, '', 4, NULL, NULL, NULL, NULL, NULL, 2, 10, 1),
(185, '10-1037', 'Mac mini + adaptateur sortie écran Intel Core Duo 2.26GHz - RAM 1000Mb - HD 160Go', '', 'DSCN0668.JPG', '', 0, '2017-07-06', 0, '                                            ', NULL, 1, '', 4, NULL, NULL, NULL, NULL, NULL, 10, 10, 1),
(186, '10-1040', 'Boitier tour ANTEC sans alimentation', '', NULL, '', 0, '2017-07-06', 0, '', NULL, 1, '', 4, NULL, NULL, NULL, NULL, NULL, 2, 10, 1),
(187, '10-1043', 'Disque dur WESTERN Caviar Blue 160 GB en SATA 300', '', NULL, '', 0, '2017-07-06', 0, '', NULL, 1, '', 4, NULL, NULL, NULL, NULL, NULL, 2, 40, 1),
(188, '10-1050', 'Boitier desktop SILVERSTONE sans alimentation', '', NULL, '', 0, '2017-07-06', 0, '', NULL, 1, '', 4, NULL, NULL, NULL, NULL, NULL, 2, 10, 1),
(189, '10-1057', 'DDR2 800 2x1Gb CORSAIR', '', NULL, '', 0, '2017-07-06', 0, '', NULL, 1, '', 4, NULL, NULL, NULL, NULL, NULL, 2, 10, 1),
(190, '10-1059', 'Carte graphique Nvidia GeForce 210 PCIe', '', NULL, '', 0, '2017-07-06', 0, '', NULL, 1, '', 4, NULL, NULL, NULL, NULL, NULL, 2, 40, 1),
(191, '10-1060', 'Boîtier Server CHIEFTEC', '', NULL, '', 0, '2017-07-06', 0, '', NULL, 1, '', 4, NULL, NULL, NULL, NULL, NULL, 2, 40, 1),
(192, '10-2026', 'Carte réseau PCI RJ45 1Go', '', NULL, '', 0, '2017-07-06', 0, 'Introuvable - M.V\r\n\r\n13.02.2018                     ', NULL, 1, '', 4, NULL, NULL, NULL, NULL, NULL, 10, 10, 1),
(193, '10-2027', 'Carte réseau PCI RJ45 1Go', '', NULL, '', 0, '2017-07-06', 0, '', NULL, 1, '', 4, NULL, NULL, NULL, NULL, NULL, 2, 10, 1),
(194, '10-2028', 'Carte réseau PCI RJ45 1Go', '', NULL, '', 0, '2017-07-06', 0, '', NULL, 1, '', 4, NULL, NULL, NULL, NULL, NULL, 1, 10, 1),
(195, '10-2029', 'Print Server 1 port USB Trendnet', '', NULL, '', 0, '2017-07-06', 0, '', NULL, 1, '', 4, NULL, NULL, NULL, NULL, NULL, 11, 10, 1),
(196, '10-2030', 'Routeur TRENDnet 4 ports Wifi', '', 'DSCN0672.JPG', '', 0, '2017-07-06', 0, '                                            ', NULL, 1, '', 4, NULL, NULL, NULL, NULL, NULL, 10, 10, 1),
(197, '10-2031', 'Switch 3com 5 ports', '', '20180116_105605.jpg', '', 0, '2017-07-06', 0, '', NULL, 1, '', 4, NULL, NULL, NULL, NULL, NULL, 11, 10, 2),
(198, '10-2032', 'Testeur de câbles LanID', '', '20180125_082824.jpg', '', 0, '2017-07-06', 0, '', NULL, 1, '', 4, NULL, NULL, NULL, NULL, NULL, 11, 10, 2),
(199, '10-6025', 'clé usb DataTraveler', '', NULL, '', 0, '2017-07-06', 0, '', NULL, 1, '', 4, NULL, NULL, NULL, NULL, NULL, 1, 10, 1),
(200, '10-6043', 'Casque Logitech avec contrôle sur oreille \"R\"', '', NULL, '', 0, '2017-07-06', 0, '', NULL, 1, '', 4, NULL, NULL, NULL, NULL, NULL, 11, 10, 1),
(201, '10-6046', 'Casque micro Logitech', '', NULL, '', 0, '2017-07-06', 0, '', NULL, 1, '', 4, NULL, NULL, NULL, NULL, NULL, 11, 10, 1),
(202, '10-7001', 'Etiquetteuse Brother P-Touch 1830', '', NULL, '', 0, '2017-07-06', 0, '', NULL, 1, '', 4, NULL, NULL, NULL, NULL, NULL, 2, 10, 1),
(203, '11-0001', 'Watt mètre', '', NULL, '', 0, '2017-07-06', 0, 'Introuvable - M.V\r\n\r\n13.02.2018                             ', NULL, 1, '', 4, NULL, NULL, NULL, NULL, NULL, 10, 10, 1),
(204, '11-1067', 'Dell Zino HD 410', '', NULL, '', 0, '2017-07-06', 0, '', NULL, 1, '', 4, NULL, NULL, NULL, NULL, NULL, 11, 40, 1),
(205, '11-2033', 'Testeur de câbles réseau PUNKTAL', '', '20180125_082939.jpg', '', 0, '2017-07-06', 0, '', NULL, 1, '', 4, NULL, NULL, NULL, NULL, NULL, 11, 10, 2),
(206, '11-2034', 'Clé USB Wifi (Edimax)', '', NULL, '', 0, '2017-07-06', 0, '', NULL, 1, '', 4, NULL, NULL, NULL, NULL, NULL, 10, 40, 1),
(207, '11-6054', 'Câble USB - micro-USB', '', NULL, '', 0, '2017-07-06', 0, '', NULL, 1, '', 4, NULL, NULL, NULL, NULL, NULL, 11, 10, 2),
(208, '11-6055', 'Câble USB - micro-USB', '', NULL, '', 0, '2017-07-06', 0, '', NULL, 1, '', 4, NULL, NULL, NULL, NULL, NULL, 3, 40, 1),
(209, '11-6057', 'Câble USB - mini-USB', '', NULL, '', 0, '2017-07-06', 0, '', NULL, 1, '', 4, NULL, NULL, NULL, NULL, NULL, 3, 40, 1),
(210, '11-6059', 'Casque Logitech Dialog 220', '', NULL, '', 0, '2017-07-06', 0, '', NULL, 1, '', 4, NULL, NULL, NULL, NULL, NULL, 10, 40, 1),
(211, '11-6060', 'Casque Logitech Dialog 220', '', NULL, '', 0, '2017-07-06', 0, 'Introuvable M.V \r\n\r\n13.02.2018                                    ', NULL, 1, '', 4, NULL, NULL, NULL, NULL, NULL, 10, 10, 1),
(212, '11-6063', 'Scanner A4 CanoScan Lide 110', '', '20180116_105825.jpg', 'KEDC78227', 0, '2017-07-06', 0, '', NULL, 1, '', 4, NULL, NULL, NULL, NULL, NULL, 11, 10, 2),
(213, '11-6064', 'HP Deskjet 3000', '', NULL, '', 0, '2017-07-06', 0, '', NULL, 1, '', 4, NULL, NULL, NULL, NULL, NULL, 11, 10, 1),
(214, '11-6065', 'HP Deskjet 3000', '', NULL, '', 0, '2017-07-06', 0, '', NULL, 1, '', 4, NULL, NULL, NULL, NULL, NULL, 10, 40, 1),
(215, '11-6068', 'Pinnacle VSH Saver module acquisition vidéo', '', NULL, '', 0, '2017-07-06', 0, '', NULL, 1, '', 4, NULL, NULL, NULL, NULL, NULL, 2, 10, 1),
(216, '11-6069', 'Disque dur externe LaCie orange Rugger Mini', '', NULL, '', 0, '2017-07-06', 0, 'Introuvable M.V \r\n\r\n14.02.2018                        ', NULL, 1, '', 4, NULL, NULL, NULL, NULL, NULL, 10, 10, 1),
(217, '11-6071', 'Disque dur externe LaCie orange Rugger Mini', '', NULL, '', 0, '2017-07-06', 0, '', NULL, 1, '', 4, NULL, NULL, NULL, NULL, NULL, 11, 10, 1),
(218, '11-6072', 'Lecteur disquette externe USB (Yano)', '', 'Lecteur11-6072.JPG', '', 0, '2017-07-06', 0, '                                            ', NULL, 1, '', 4, NULL, NULL, NULL, NULL, NULL, 10, 10, 1),
(219, '11-7002', 'D-Link KVM', 'KVM VGA-PS/2 Clavier+Souris-USB', '20180116_105424.jpg', 'DL171B4001806', 0, '2017-07-06', 0, '', NULL, 1, '', 4, NULL, NULL, NULL, NULL, NULL, 11, 10, 2),
(220, '11-7003', 'Lecteur VHS LG + télécommande + câble péritel/Cinch', '', NULL, '', 0, '2017-07-06', 0, '', NULL, 1, '', 4, NULL, NULL, NULL, NULL, NULL, 2, 10, 1),
(221, '11-7004', 'Bracelet anti-statique', '', NULL, '', 0, '2017-07-06', 0, '', NULL, 1, '', 4, NULL, NULL, NULL, NULL, NULL, 2, 10, 1),
(222, '11-7005', 'Bracelet anti-statique', '', NULL, '', 0, '2017-07-06', 0, '', NULL, 1, '', 4, NULL, NULL, NULL, NULL, NULL, 2, 10, 1),
(223, '11-7006', 'Bracelet anti-statique', '', NULL, '', 0, '2017-07-06', 0, '', NULL, 1, '', 4, NULL, NULL, NULL, NULL, NULL, 2, 10, 1),
(224, '11-7007', 'Bracelet anti-statique', '', NULL, '', 0, '2017-07-06', 0, '', NULL, 1, '', 4, NULL, NULL, NULL, NULL, NULL, 2, 10, 1),
(225, '11-7008', 'Bracelet anti-statique', '', NULL, '', 0, '2017-07-06', 0, '', NULL, 1, '', 4, NULL, NULL, NULL, NULL, NULL, 2, 10, 1),
(226, '11-7012', 'Belkin Switch2, KVM Switch VGA/PS/2', '', 'DSCN0673.JPG', '', 0, '2017-07-06', 0, '                                            ', NULL, 1, '', 4, NULL, NULL, NULL, NULL, NULL, 10, 10, 1),
(227, '11-7013', 'Câble pieuvre KVM USB - PS/2+VGA 1.8m', '', NULL, '', 0, '2017-07-06', 0, '', NULL, 1, '', 4, NULL, NULL, NULL, NULL, NULL, 3, 10, 1),
(228, '12-6002', 'Lecteur rw liteon', '', 'LecteurRW12-60002.JPG', '', 0, '2017-07-06', 0, '                                                                                        ', NULL, 1, '', 4, NULL, NULL, NULL, NULL, NULL, 10, 10, 1),
(229, '12-6003', 'Canon Canoscan LiDE 210, BUS-Powered, Vertical-Stand', '', NULL, '', 0, '2017-07-06', 0, '', NULL, 1, '', 4, NULL, NULL, NULL, NULL, NULL, 1, 10, 1),
(230, '12-6004', 'Webcam Microsoft LifeCam VX-2000', '', NULL, '', 0, '2017-07-06', 0, '', NULL, 1, '', 4, NULL, NULL, NULL, NULL, NULL, 11, 10, 1),
(231, '12-6077', 'Graveur DVD externe (FREECOM)', '', 'DSCN0661.JPG', '', 0, '2017-07-06', 0, '                                                                                        ', NULL, 1, '', 4, NULL, NULL, NULL, NULL, NULL, 11, 10, 1),
(232, '12-7001', 'Belkin Switch2, KVM Switch VGA/PS/2', '', NULL, '', 0, '2017-07-06', 0, '', NULL, 1, '', 4, NULL, NULL, NULL, NULL, NULL, 3, 10, 1),
(233, '12-7001-2', 'Enceintes acoustiques DELL', '', NULL, '', 0, '2017-07-06', 0, '', NULL, 1, '', 4, NULL, NULL, NULL, NULL, NULL, 2, 10, 1),
(234, '12-7002', 'Enceintes Trust', '', NULL, '', 0, '2017-07-06', 0, '', NULL, 1, '', 4, NULL, NULL, NULL, NULL, NULL, 2, 10, 1),
(235, '12-7003 ', 'Logitech OEM Dialog 220 Headphone', '', NULL, '', 0, '2017-07-06', 0, '', NULL, 1, '', 4, NULL, NULL, NULL, NULL, NULL, 11, 10, 1),
(236, '13-1001', 'Imac 21” 3.06 GHz 4 Go Ram 500 Go H, souris', '', NULL, '', 0, '2017-07-06', 0, '', NULL, 1, '', 4, NULL, NULL, NULL, NULL, NULL, 1, 10, 1),
(237, '13-6001', 'Clé USB Kingston 8GB (Image Mac OSX Maverick)', '', 'DSCN0674.JPG', '', 0, '2017-07-06', 0, '                                                                                        ', NULL, 1, '', 4, NULL, NULL, NULL, NULL, NULL, 10, 10, 1),
(238, '13-6002', 'Clé USB Kingston 8GB (Image Mac OSX)', '', NULL, '', 0, '2017-07-06', 0, '', NULL, 1, '', 4, NULL, NULL, NULL, NULL, NULL, 10, 10, 1),
(239, '13-6003', 'Slim DVD +- RW graveur LaCie', 'Lecteur DVD USB LaCie', 'DSCN06531.JPG', '', 0, '2017-07-06', 0, '                                            ', NULL, 1, '', 4, NULL, NULL, NULL, NULL, NULL, 11, 10, 2),
(240, '13-6004-2', 'Slim DVD +- RW graveur LaCie', 'Lecteur DVD USB LaCie', 'DSCN0653.JPG', '', 0, '2017-07-06', 0, '                                            ', NULL, 1, '', 4, NULL, NULL, NULL, NULL, NULL, 11, 10, 2),
(241, '13-6007-bis', 'Clé USB Kingston 8GB', '', NULL, '', 0, '2017-07-06', 0, '', NULL, 1, '', 4, NULL, NULL, NULL, NULL, NULL, 10, 10, 1),
(242, '13-6008-bis', 'Clé USB Kingston 8GB', '', NULL, '', 0, '2017-07-06', 0, '', NULL, 1, '', 4, NULL, NULL, NULL, NULL, NULL, 10, 10, 1),
(243, '13-6009', 'Clé USB Kingston 8GB', '', NULL, '', 0, '2017-07-06', 0, '', NULL, 1, '', 4, NULL, NULL, NULL, NULL, NULL, 10, 10, 1),
(244, '13-6012', 'Clé USB Kingston 8GB', '', NULL, '', 0, '2017-07-06', 0, '', NULL, 1, '', 4, NULL, NULL, NULL, NULL, NULL, 10, 10, 1),
(245, '13-6016', 'Adaptateur USB=>PS/2', '', '20180125_082550.jpg', '', 0, '2017-07-06', 0, '', NULL, 1, '', 4, NULL, NULL, NULL, NULL, NULL, 11, 10, 2),
(246, '13-6017', 'Adaptateur USB=>PS/2', '', '20180131_1509386.jpg', '', 0, '2017-07-06', 0, '', NULL, 1, '', 4, NULL, NULL, NULL, NULL, NULL, 11, 10, 2),
(247, '13-6018', 'Adaptateur USB=>PS/2', '', '20180131_1509387.jpg', '', 0, '2017-07-06', 0, '', NULL, 1, '', 4, NULL, NULL, NULL, NULL, NULL, 11, 10, 2),
(248, '13-6019', 'Adaptateur USB=>PS/2', '', '20180131_1509388.jpg', '', 0, '2017-07-06', 0, '', NULL, 1, '', 4, NULL, NULL, NULL, NULL, NULL, 11, 10, 2),
(249, '13-6020', 'Adaptateur USB=>PS/2', '', '20180131_1509389.jpg', '', 0, '2017-07-06', 0, '', NULL, 1, '', 4, NULL, NULL, NULL, NULL, NULL, 11, 10, 2),
(250, '13-6021', 'Adaptateur USB=>PS/2', '', '20180131_1509384.jpg', '', 0, '2017-07-06', 0, '', NULL, 1, '', 4, NULL, NULL, NULL, NULL, NULL, 11, 10, 2),
(251, '13-6022', 'Adaptateur USB=>PS/2', '', '20180131_1509385.jpg', '', 0, '2017-07-06', 0, '', NULL, 1, '', 4, NULL, NULL, NULL, NULL, NULL, 11, 10, 2),
(252, '13-6023', 'Adaptateur USB PS/2', '', NULL, '', 0, '2017-07-06', 0, '', NULL, 1, '', 4, NULL, NULL, NULL, NULL, NULL, 11, 10, 1),
(253, '13-6024', 'Lecteur Cartes SD externe Kingston', '', NULL, '', 0, '2017-07-06', 0, '', NULL, 1, '', 4, NULL, NULL, NULL, NULL, NULL, 7, 10, 1),
(254, '13-6025', 'Graveur DVD externe (Asus)', '', NULL, '', 0, '2017-07-06', 0, 'Introuvable M.V \r\n\r\n14.02.2018                               ', NULL, 1, '', 4, NULL, NULL, NULL, NULL, NULL, 10, 10, 1),
(255, '13-6026', 'Clé USB Kingston 8GB', '', NULL, '0', 0, '2017-07-06', 0, '', NULL, 1, '', 4, NULL, NULL, NULL, NULL, NULL, 7, 10, 1),
(256, '13-6027', 'Webcam Logitech articulée', '', NULL, '', 0, '2017-07-06', 0, '', NULL, 1, '', 4, NULL, NULL, NULL, NULL, NULL, 11, 10, 1),
(257, '13-6029', 'Clé USB Kingston 8GB', '', NULL, '', 0, '2017-07-06', 0, '', NULL, 1, '', 4, NULL, NULL, NULL, NULL, NULL, 7, 10, 1),
(258, '13-6030', 'Clé USB Kingston 8GB', '', NULL, '', 0, '2017-07-06', 0, '', NULL, 1, '', 4, NULL, NULL, NULL, NULL, NULL, 7, 10, 1),
(259, '13-6032', 'Clé USB Kingston 8GB', '', NULL, '', 0, '2017-07-06', 0, '', NULL, 1, '', 4, NULL, NULL, NULL, NULL, NULL, 7, 10, 1),
(260, '13-6033', 'Clé USB Kingston 8GB', '', NULL, '', 0, '2017-07-06', 0, '', NULL, 1, '', 4, NULL, NULL, NULL, NULL, NULL, 7, 10, 1),
(261, '13-6222', 'Clé USB Kingston 8GB (Office pour mac)', '', NULL, '', 0, '2017-07-06', 0, '', NULL, 1, '', 4, NULL, NULL, NULL, NULL, NULL, 11, 10, 1),
(262, '13-7001', 'Belkin Switch2, KVM Switch VGA/PS/2', '', NULL, '', 0, '2017-07-06', 0, '', NULL, 1, '', 4, NULL, NULL, NULL, NULL, NULL, 3, 10, 1),
(263, '13-7002', 'Belkin Switch2, KVM Switch VGA/PS/2', '', NULL, '', 0, '2017-07-06', 0, '', NULL, 1, '', 4, NULL, NULL, NULL, NULL, NULL, 3, 10, 1),
(264, '13-7003', 'Belkin Switch2, KVM Switch VGA/PS/2', '', NULL, '', 0, '2017-07-06', 0, '', NULL, 1, '', 4, NULL, NULL, NULL, NULL, NULL, 3, 10, 1),
(265, '13-7004', 'Belkin Switch2, KVM Switch VGA/PS/2', '', NULL, '', 0, '2017-07-06', 0, '', NULL, 1, '', 4, NULL, NULL, NULL, NULL, NULL, 3, 10, 1),
(266, '13-7005', 'Nikon Coolpix P330', '', '20180125_082315.jpg', '', 0, '2017-07-06', 0, '', NULL, 1, '', 4, NULL, NULL, NULL, NULL, NULL, 11, 10, 2),
(267, '13-7006', 'Carte compact flash transcend SDHD Ultimate card 16GB', '', NULL, '', 0, '2017-07-06', 0, '', NULL, 1, '', 4, NULL, NULL, NULL, NULL, NULL, 3, 10, 1),
(268, '13-7007', 'Housse Cullmann ', '', NULL, '', 0, '2017-07-06', 0, '', NULL, 1, '', 4, NULL, NULL, NULL, NULL, NULL, 11, 10, 1),
(269, 'DI06036', 'Scanner A4 Canonscan 4200F', '', 'DSCN0635.JPG', 'UZQ354869', 0, '0000-00-00', 0, 'Scanner plat feuilles A4', NULL, 1, '', 3, NULL, NULL, NULL, NULL, NULL, 7, 10, 3),
(271, 'MP10001', 'Beamer mini HP', '', 'DSCN0629.JPG', 'CN09510216', 0, '0000-00-00', 0, 'Ce beamer est de petite taille.', NULL, 1, '', 3, NULL, NULL, NULL, NULL, NULL, 7, 10, 3),
(272, '04908', 'Appareil photo Minolta', '', 'DSCN0624.JPG', '', 0, '0000-00-00', 0, '', NULL, 1, '', 3, NULL, NULL, NULL, NULL, NULL, 7, 10, 3),
(273, '05365', 'Papier thermogonflable', '', '20170707_151434.jpg', '030716', 0, '0000-00-00', 0, '', NULL, 1, '', 3, NULL, NULL, NULL, NULL, NULL, 7, 10, 3),
(274, '10840', 'Epson Scanner Perfection V33', '', 'DSCN06302.JPG', 'MM3W020616', 0, '0000-00-00', 0, 'Scanner feuilles A4 plat', NULL, 1, '', 3, NULL, NULL, NULL, NULL, NULL, 7, 10, 3),
(275, '04608', 'HP Scanner Scanjet 8200', '', 'DSCN0633.JPG', '', 0, '0000-00-00', 0, 'Scanner A4 plat', NULL, 1, '', 3, NULL, NULL, NULL, NULL, NULL, 7, 10, 3),
(276, '05611', 'Hauts-parleurs Kyros 321 Xonic Gear', '', 'DSCN0623.JPG', '', 0, '0000-00-00', 0, 'Hauts-parleurs gauche, droit, milieu.', NULL, 1, '', 3, NULL, NULL, NULL, NULL, NULL, 7, 10, 3),
(277, '13-7008', 'Accu Nikon Coolpix', '', NULL, '', 0, '2017-07-10', 0, '', NULL, 1, '', 4, NULL, NULL, NULL, NULL, NULL, 7, 10, 1),
(278, '13-7009', 'Disque dur externe LaCie orange Rugger Mini', '', NULL, '', 0, '2017-07-10', 0, '', NULL, 1, '', 4, NULL, NULL, NULL, NULL, NULL, 10, 10, 1),
(279, '13-7011', 'Belkin Switch2, KVM Switch VGA/PS/2', '', NULL, '', 0, '2017-07-10', 0, '', NULL, 1, '', 4, NULL, NULL, NULL, NULL, NULL, 3, 10, 1),
(280, '14-0001', 'Trousse à outils', '', NULL, '', 0, '2017-07-10', 0, '', NULL, 1, '', 4, NULL, NULL, NULL, NULL, NULL, 11, 10, 1),
(281, '14-0002', 'KVM Switch \"Aten\" 2 ports USB+VGA', 'USB-VGA Switch KVM ', '20180116_1537031.jpg', '', 0, '2017-07-10', 0, '', NULL, 1, '', 4, NULL, NULL, NULL, NULL, NULL, 3, 10, 2),
(282, '14-0003', 'KVM Switch \"Aten\" 2 ports USB+VGA', '', '20180116_1537033.jpg', '', 0, '2017-07-10', 0, '', NULL, 1, '', 4, NULL, NULL, NULL, NULL, NULL, 11, 10, 2),
(283, '14-0004', 'KVM Switch \"Aten\" 2 ports USB+VGA', '', '20180116_1537034.jpg', '', 0, '2017-07-10', 0, '', NULL, 1, '', 4, NULL, NULL, NULL, NULL, NULL, 11, 10, 2),
(284, '14-0005', 'Petit 2-Port USB Switch', '', NULL, '', 0, '2017-07-10', 0, '', NULL, 1, '', 4, NULL, NULL, NULL, NULL, NULL, 11, 10, 1),
(285, '14-0006', 'Adaptateur pour disque dur Sharkoon', '', NULL, '', 0, '2017-07-10', 0, '', NULL, 1, '', 4, NULL, NULL, NULL, NULL, NULL, 11, 10, 1),
(286, '14-0007', 'Disque Dur Externe WD Elements', '', NULL, '', 0, '2017-07-10', 0, '', NULL, 1, '', 4, NULL, NULL, NULL, NULL, NULL, 11, 30, 1),
(287, '14-0009', 'Câble Display/Display', '', NULL, '', 0, '2017-07-10', 0, '', NULL, 1, '', 4, NULL, NULL, NULL, NULL, NULL, 3, 10, 1),
(288, '14-0010', 'Câble Display/Display', '', NULL, '', 0, '2017-07-10', 0, '', NULL, 1, '', 4, NULL, NULL, NULL, NULL, NULL, 3, 10, 1),
(289, '14-0011', 'Câble Display/Display', '', NULL, '', 0, '2017-07-10', 0, '', NULL, 1, '', 4, NULL, NULL, NULL, NULL, NULL, 3, 10, 1),
(290, '14-0012', 'Câble Display/Display', '', NULL, '', 0, '2017-07-10', 0, '', NULL, 1, '', 4, NULL, NULL, NULL, NULL, NULL, 3, 10, 1),
(291, '14-0013', 'Câble Display/Display', '', NULL, '', 0, '2017-07-10', 0, '', NULL, 1, '', 4, NULL, NULL, NULL, NULL, NULL, 3, 10, 1),
(292, '14-0014', 'Câble Display/Display', '', NULL, '', 0, '2017-07-10', 0, '', NULL, 1, '', 4, NULL, NULL, NULL, NULL, NULL, 3, 10, 1),
(293, '14-0015', 'Câble Display/Display', '', NULL, '', 0, '2017-07-10', 0, '', NULL, 1, '', 4, NULL, NULL, NULL, NULL, NULL, 3, 10, 1),
(294, '14-0016', 'Câble Display/Display', '', NULL, '', 0, '2017-07-10', 0, '', NULL, 1, '', 4, NULL, NULL, NULL, NULL, NULL, 3, 10, 1),
(295, '14-0017', 'Câble Display/Display', '', NULL, '', 0, '2017-07-10', 0, '', NULL, 1, '', 4, NULL, NULL, NULL, NULL, NULL, 3, 10, 1),
(296, '14-0018', 'Adaptateur USB=>PS2', '', '20180131_1509382.jpg', '', 0, '2017-07-10', 0, '', NULL, 1, '', 4, NULL, NULL, NULL, NULL, NULL, 11, 10, 2),
(297, '14-0019', 'Dédoubleur RJ45', '', NULL, '', 0, '2017-07-10', 0, '', NULL, 1, '', 4, NULL, NULL, NULL, NULL, NULL, 11, 10, 1),
(298, '14-0020', 'Rallonge multi-prise X6', '', NULL, '', 0, '2017-07-10', 0, '', NULL, 1, '', 4, NULL, NULL, NULL, NULL, NULL, 2, 10, 1),
(299, '14-0021', 'Rallonge multi-prise X6', '', NULL, '', 0, '2017-07-10', 0, '', NULL, 1, '', 4, NULL, NULL, NULL, NULL, NULL, 2, 10, 1),
(300, '14-0022', 'Carte Réseau US.ROBOTICS Wirless', '', NULL, '', 0, '2017-07-10', 0, '', NULL, 1, '', 4, NULL, NULL, NULL, NULL, NULL, 2, 10, 1),
(301, '14-0023', 'KVM Avocent ', '', '20180125_082507.jpg', '', 0, '2017-07-10', 0, '', NULL, 1, '', 4, NULL, NULL, NULL, NULL, NULL, 11, 10, 2),
(302, '14-0024', 'Adaptateur USB=>PS2', '', '20180131_1509381.jpg', '', 0, '2017-07-10', 0, '', NULL, 1, '', 4, NULL, NULL, NULL, NULL, NULL, 11, 10, 2),
(303, '14-0025', 'Adaptateur USB=>PS2', '', '20180131_150938.jpg', '', 0, '2017-07-10', 0, '', NULL, 1, '', 4, NULL, NULL, NULL, NULL, NULL, 11, 10, 2),
(304, '14-0027', 'Mini clavier mac Bluetooth ', '', NULL, '', 0, '2017-07-10', 0, '', NULL, 1, '', 4, NULL, NULL, NULL, NULL, NULL, 10, 10, 1),
(305, '14-0030', 'Casque audio Phillips', '', NULL, '', 0, '2017-07-10', 0, '', NULL, 1, '', 4, NULL, NULL, NULL, NULL, NULL, 10, 10, 1),
(306, '14-0031', 'Souris Logitech noir USB', '', NULL, '', 0, '2017-07-10', 0, '', NULL, 1, '', 4, NULL, NULL, NULL, NULL, NULL, 10, 10, 1),
(307, '14-0033', 'Notebook Samsung', '', NULL, '', 0, '2017-07-10', 0, '', NULL, 1, '', 4, NULL, NULL, NULL, NULL, NULL, 10, 10, 1),
(308, '14-0034', 'Tablette Samsung', '', NULL, '', 0, '2017-07-10', 0, '', NULL, 1, '', 4, NULL, NULL, NULL, NULL, NULL, 10, 10, 1),
(309, '14-0035', 'Chargeur USB ', '', NULL, '', 0, '2017-07-10', 0, '', NULL, 1, '', 4, NULL, NULL, NULL, NULL, NULL, 11, 10, 1),
(310, '14-0036', 'Hub USB 4 prise', '', NULL, '', 0, '0000-00-00', 0, '                        Pas retrouvé (ViDi - 06.02.2018)                    ', NULL, 1, '', 4, NULL, NULL, NULL, NULL, NULL, 11, 40, 1),
(311, '14-0037', 'Adaptateur USB=>PS2 noir', '', '20180125_082611.jpg', '', 0, '2017-07-10', 0, '', NULL, 1, '', 4, NULL, NULL, NULL, NULL, NULL, 11, 10, 2),
(312, '14-0038', 'Switch D-Link 10/100 ', '', NULL, '', 0, '2017-07-10', 0, '', NULL, 1, '', 4, NULL, NULL, NULL, NULL, NULL, 11, 10, 1),
(313, '14-0039', 'Câble HDMI', '', NULL, '', 0, '2017-07-10', 0, '', NULL, 1, '', 4, NULL, NULL, NULL, NULL, NULL, 11, 10, 1),
(314, '14-0040', 'Câble HDMI', '', NULL, '', 0, '2017-07-10', 0, '', NULL, 1, '', 4, NULL, NULL, NULL, NULL, NULL, 10, 10, 1),
(315, '14-0041', 'Belkin Switch2, KVM Switch VGA/PS/2', '', NULL, '', 0, '2017-07-10', 0, '', NULL, 1, '', 4, NULL, NULL, NULL, NULL, NULL, 3, 10, 1),
(316, '14-0042', 'Adaptateur USB=>PS2 violet', '', '20180125_082603.jpg', '', 0, '2017-07-10', 0, '', NULL, 1, '', 4, NULL, NULL, NULL, NULL, NULL, 11, 10, 2),
(317, '14-0043', 'Multi-prise X3', '', NULL, '', 0, '2017-07-10', 0, '', NULL, 1, '', 4, NULL, NULL, NULL, NULL, NULL, 2, 10, 1),
(318, '14-0044', 'Multi-prise X6 ', '', NULL, '', 0, '2017-07-10', 0, '', NULL, 1, '', 4, NULL, NULL, NULL, NULL, NULL, 2, 10, 1),
(319, '14-0045', 'Multi-prise X5', '', NULL, '', 0, '2017-07-10', 0, '', NULL, 1, '', 4, NULL, NULL, NULL, NULL, NULL, 2, 10, 1),
(320, '14-0046', 'Multi-prise X7', '', NULL, '', 0, '2017-07-10', 0, '', NULL, 1, '', 4, NULL, NULL, NULL, NULL, NULL, 2, 10, 1),
(321, '14-0047', 'Multi-prise X3', '', NULL, '', 0, '2017-07-10', 0, '', NULL, 1, '', 4, NULL, NULL, NULL, NULL, NULL, 11, 10, 1),
(322, '14-0048', 'Clé USB Kingston 32Gb', '', NULL, '', 0, '2017-07-10', 0, '', NULL, 1, '', 4, NULL, NULL, NULL, NULL, NULL, 10, 10, 1),
(323, '14-0049', 'Clé USB SanDisk', '', NULL, '', 0, '2017-07-10', 0, '', NULL, 1, '', 4, NULL, NULL, NULL, NULL, NULL, 10, 10, 1),
(324, '14-0050', 'Mac mini ', '', 'DSCN0670.JPG', '', 0, '2017-07-10', 0, '                                            ', NULL, 1, '', 4, NULL, NULL, NULL, NULL, NULL, 10, 10, 1),
(325, '14-0051', 'Multi-prise blanche X5', '', NULL, '', 0, '2017-07-10', 0, '', NULL, 1, '', 4, NULL, NULL, NULL, NULL, NULL, 2, 10, 1),
(326, '14-0052', 'Multi-prise blanche X3', '', NULL, '', 0, '2017-07-10', 0, '', NULL, 1, '', 4, NULL, NULL, NULL, NULL, NULL, 2, 10, 1),
(327, '14-0055', 'Bluethooth adapter audio Logitech', '', NULL, '', 0, '2017-07-10', 0, '', NULL, 1, '', 4, NULL, NULL, NULL, NULL, NULL, 10, 10, 1),
(328, '14-0056', 'Mini DisplayPort to VGA Adapter (MAC)', '', NULL, '', 0, '2017-07-10', 0, '', NULL, 1, '', 4, NULL, NULL, NULL, NULL, NULL, 10, 40, 1),
(329, '14-0057', 'Câble Thunderbolt (2m)', '', NULL, '', 0, '2017-07-10', 0, '', NULL, 1, '', 4, NULL, NULL, NULL, NULL, NULL, 10, 10, 1),
(330, '14-0058', 'Sacoche IFIXIT (tournevis)', '', '20180125_082747.jpg', '', 0, '2017-07-10', 0, '', NULL, 1, '', 4, NULL, NULL, NULL, NULL, NULL, 11, 10, 2),
(331, '14-0059', 'Mini display port to DVI adapter (mac)', '', NULL, '', 0, '2017-07-10', 0, '', NULL, 1, '', 4, NULL, NULL, NULL, NULL, NULL, 10, 10, 1),
(332, '14-0060', 'Mini display port to VGA adapter (mac)', '', '20180125_082043.jpg', '', 0, '2017-07-10', 0, '', NULL, 1, '', 4, NULL, NULL, NULL, NULL, NULL, 11, 10, 2),
(333, '14-0061', 'Grande caisse \"Claviers\"', '', NULL, '', 0, '2017-07-10', 0, '', NULL, 1, '', 4, NULL, NULL, NULL, NULL, NULL, 2, 10, 1),
(334, '14-0062', 'Grande caisse \"RJ-45\"', '', NULL, '', 0, '2017-07-10', 0, '', NULL, 1, '', 4, NULL, NULL, NULL, NULL, NULL, 10, 10, 1),
(335, '14-0063', 'Grande caisse \"Alimentations, Ventilateurs, Radiateurs\"', '', NULL, '', 0, '2017-07-10', 0, '', NULL, 1, '', 4, NULL, NULL, NULL, NULL, NULL, 2, 10, 1),
(336, '14-0064', 'Moyenne caisse \"Lecteur optiques, Floppy\"', '', NULL, '', 0, '2017-07-10', 0, '', NULL, 1, '', 4, NULL, NULL, NULL, NULL, NULL, 2, 10, 1),
(337, '14-0065', 'Moyenne caisse \"Carte : Graphique, Réseau, Audio et USB\"', '', NULL, '', 0, '2017-07-10', 0, '', NULL, 1, '', 4, NULL, NULL, NULL, NULL, NULL, 2, 10, 1),
(338, '14-0066', 'Moyenne caisse \"Disque dur\"', '', NULL, '', 0, '2017-07-10', 0, '', NULL, 1, '', 4, NULL, NULL, NULL, NULL, NULL, 2, 10, 1);
INSERT INTO `item` (`item_id`, `inventory_number`, `name`, `description`, `image`, `serial_number`, `buying_price`, `buying_date`, `warranty_duration`, `remarks`, `linked_file`, `supplier_id`, `supplier_ref`, `created_by_user_id`, `created_date`, `modified_by_user_id`, `modified_date`, `checked_by_user_id`, `checked_date`, `stocking_place_id`, `item_condition_id`, `item_group_id`) VALUES
(339, '14-0067', 'Petite caisse \"USB 4m, FireWire 400, Filtre ASCL', '', NULL, '', 0, '2017-07-10', 0, '', NULL, 1, '', 4, NULL, NULL, NULL, NULL, NULL, 2, 10, 1),
(340, '14-0068', 'petite caisse \"Souris\"', '', NULL, '', 0, '2017-07-10', 0, '', NULL, 1, '', 4, NULL, NULL, NULL, NULL, NULL, 2, 10, 1),
(341, '14-0069', 'Petite caisse \"RAM/Processeurs\"', '', NULL, '', 0, '2017-07-10', 0, '', NULL, 1, '', 4, NULL, NULL, NULL, NULL, NULL, 2, 10, 1),
(342, '14-0070', 'Petite caisse \"Multi-prises\"', '', NULL, '', 0, '2017-07-10', 0, '', NULL, 1, '', 4, NULL, NULL, NULL, NULL, NULL, 2, 10, 1),
(343, '14-0071', 'Petite caisse \"Enceintes\"', '', NULL, '', 0, '2017-07-10', 0, '', NULL, 1, '', 4, NULL, NULL, NULL, NULL, NULL, 2, 10, 1),
(344, '14-0072', 'Petite caisse \"Aquisition vidéo\"', '', NULL, '', 0, '2017-07-10', 0, '', NULL, 1, '', 4, NULL, NULL, NULL, NULL, NULL, 2, 10, 1),
(345, '14-0073', 'Adaptateur USB=>PS2 violet', '', '20180131_150957.jpg', '', 0, '2017-07-10', 0, '', NULL, 1, '', 4, NULL, NULL, NULL, NULL, NULL, 11, 10, 2),
(346, '14-0074', 'Hub USB externe 4 ports ', '', NULL, '', 0, '2017-07-10', 0, '', NULL, 1, '', 4, NULL, NULL, NULL, NULL, NULL, 11, 10, 1),
(347, '14-0075', 'Lecteur DVD externe HP', 'Lecteur DVD USB HP', 'DSCN0654.JPG', '669296-001', 0, '2017-07-10', 0, '                                                                                        ', NULL, 1, '', 4, NULL, NULL, NULL, NULL, NULL, 11, 10, 2),
(348, '14-0077', 'WLAN Access Point Zyxel', '', NULL, '', 0, '2017-07-10', 0, '', NULL, 1, '', 4, NULL, NULL, NULL, NULL, NULL, 11, 10, 1),
(349, '14-0078', 'Clé USB 16Gb (dorée)', '', NULL, '', 0, '2017-07-10', 0, '', NULL, 1, '', 4, NULL, NULL, NULL, NULL, NULL, 1, 10, 1),
(350, '14-0079', 'Clé USB 16Gb (dorée)', '', NULL, '', 0, '2017-07-10', 0, '', NULL, 1, '', 4, NULL, NULL, NULL, NULL, NULL, 1, 10, 1),
(351, '14-0080', 'Clé USB 16Gb (dorée)', '', NULL, '', 0, '2017-07-10', 0, '', NULL, 1, '', 4, NULL, NULL, NULL, NULL, NULL, 1, 10, 1),
(352, '14-0081', 'Clé USB 16Gb (dorée)', '', NULL, '', 0, '2017-07-10', 0, '', NULL, 1, '', 4, NULL, NULL, NULL, NULL, NULL, 1, 10, 1),
(353, '14-0082', 'Imac 27” 3.06 GHz 8 Go Ram 256 Go avec clavier et souris sans fil', '', NULL, '', 0, '2017-07-10', 0, '', NULL, 1, '', 4, NULL, NULL, NULL, NULL, NULL, 1, 10, 1),
(354, '14-2001', 'Carte PCI Wifi (TP-LINK)', '', NULL, '', 0, '2017-07-10', 0, '', NULL, 1, '', 4, NULL, NULL, NULL, NULL, NULL, 10, 10, 1),
(355, '14-2002', 'Carte PCI Wifi (TP-LINK)', '', NULL, '', 0, '2017-07-10', 0, '', NULL, 1, '', 4, NULL, NULL, NULL, NULL, NULL, 10, 10, 1),
(356, '14-2003', 'WD MyCloud 2TB', '', NULL, '', 0, '2017-07-10', 0, '', NULL, 1, '', 4, NULL, NULL, NULL, NULL, NULL, 10, 10, 1),
(357, '14-5004', 'LaCie HDDE 500GB', '', NULL, '', 0, '2017-07-10', 0, '', NULL, 1, '', 4, NULL, NULL, NULL, NULL, NULL, 10, 10, 1),
(358, '14-6001', 'Apple magic trackpad, multitouch, bluetooth', '', NULL, '', 0, '2017-07-10', 0, '', NULL, 1, '', 4, NULL, NULL, NULL, NULL, NULL, 1, 10, 1),
(359, '14-6005', 'Clé USB Kingston 8GB', '', NULL, '', 0, '2017-07-10', 0, '', NULL, 1, '', 4, NULL, NULL, NULL, NULL, NULL, 1, 10, 1),
(360, '14-6006', 'Clé USB Kingston 8GB', '', NULL, '', 0, '2017-07-10', 0, '', NULL, 1, '', 4, NULL, NULL, NULL, NULL, NULL, 1, 10, 1),
(361, '14-6007', 'Clé USB Kingston 8GB', '', NULL, '', 0, '2017-07-10', 0, '', NULL, 1, '', 4, NULL, NULL, NULL, NULL, NULL, 1, 10, 1),
(362, '14-6010', 'Clé USB Kingston 8GB', '', NULL, '', 0, '2017-07-10', 0, '', NULL, 1, '', 4, NULL, NULL, NULL, NULL, NULL, 1, 10, 1),
(363, '14-6040', 'Mini DisplayPort to DVI Adapter', '', NULL, '', 0, '2017-07-10', 0, '', NULL, 1, '', 4, NULL, NULL, NULL, NULL, NULL, 11, 10, 1),
(364, '14-7003', 'Adaptateur pour disque dur Sharkoon', '', NULL, '', 0, '2017-07-10', 0, '', NULL, 1, '', 4, NULL, NULL, NULL, NULL, NULL, 11, 10, 1),
(365, '14-7005', 'Calculatrice Canon Arc Design', '', NULL, '', 0, '2017-07-10', 0, '', NULL, 1, '', 4, NULL, NULL, NULL, NULL, NULL, 1, 10, 1),
(366, '14-7006', 'Calculatrice Canon Arc Design', '', NULL, '', 0, '2017-07-10', 0, '', NULL, 1, '', 4, NULL, NULL, NULL, NULL, NULL, 1, 10, 1),
(367, '14-9001', 'Testeur de batterie', '', NULL, '', 0, '2017-07-10', 0, '', NULL, 1, '', 4, NULL, NULL, NULL, NULL, NULL, 2, 10, 1),
(368, '15-0001', 'iPad mini 2 16 GB avec chargeur et cable USB', '', NULL, '', 0, '2017-07-10', 0, '', NULL, 1, '', 4, NULL, NULL, NULL, NULL, NULL, 11, 10, 1),
(369, '15-0003', 'Mini DP to DisplayPort Câble 1m', '', NULL, '', 0, '2017-07-10', 0, '', NULL, 1, '', 4, NULL, NULL, NULL, NULL, NULL, 11, 10, 1),
(370, '15-0004', 'Vieux Disque dur LaCie avec boîtier en métal.', '', NULL, '', 0, '2017-07-10', 0, '', NULL, 1, '', 4, NULL, NULL, NULL, NULL, NULL, 11, 10, 1),
(371, '15-0006', 'Adapdateur USB=>PS2 (vert)', '', '20180131_1509383.jpg', '', 0, '2017-07-10', 0, '', NULL, 1, '', 4, NULL, NULL, NULL, NULL, NULL, 11, 10, 2),
(372, '15-0007', 'Mini Video camera SIR SNAP HD', '', NULL, '', 0, '2017-07-10', 0, '', NULL, 1, '', 4, NULL, NULL, NULL, NULL, NULL, 10, 10, 1),
(373, '15-0008', 'Catre micro SD du Mini Vido camera SIR SNAP HD (dans la caméra)', '', NULL, '', 0, '2017-07-10', 0, '', NULL, 1, '', 4, NULL, NULL, NULL, NULL, NULL, 10, 10, 1),
(374, '15-6054', 'CanoScan Lide 220', '', 'IMG_20180206_140824.jpg', 'KJKP90217', 0, '2017-07-10', 0, '                                            ', NULL, 1, '', 4, NULL, NULL, NULL, NULL, NULL, 11, 10, 1),
(375, '15-7012', 'Appareil photo Nikon Coolpix L31 (rouge)', '', NULL, '', 0, '2017-07-10', 0, '', NULL, 1, '', 4, NULL, NULL, NULL, NULL, NULL, 10, 10, 1),
(376, '15-7012-2', 'SDHC Card sanDisk 8 GB (dans appareil photo coolpix L31)', '', NULL, '', 0, '2017-07-10', 0, '', NULL, 1, '', 4, NULL, NULL, NULL, NULL, NULL, 1, 10, 1),
(377, '15-7013', 'Clé USB Kingston 8GB', '', NULL, '', 0, '2017-07-10', 0, '', NULL, 1, '', 4, NULL, NULL, NULL, NULL, NULL, 1, 10, 1),
(378, '16-0001', 'écran HP EliteDisplay E231', '', NULL, '', 0, '2017-07-10', 0, '', NULL, 1, '', 4, NULL, NULL, NULL, NULL, NULL, 1, 10, 1),
(379, '16-0002', 'écran HP EliteDisplay E231', '', NULL, '', 0, '2017-07-10', 0, '', NULL, 1, '', 4, NULL, NULL, NULL, NULL, NULL, 1, 10, 1),
(380, '16-0003', 'écran HP EliteDisplay E231', '', NULL, '', 0, '2017-07-10', 0, '', NULL, 1, '', 4, NULL, NULL, NULL, NULL, NULL, 2, 10, 1),
(382, '16-0004', 'écran HP EliteDisplay E231', '', NULL, '', 0, '2017-07-10', 0, '', NULL, 1, '', 4, NULL, NULL, NULL, NULL, NULL, 1, 10, 1),
(383, '16-0005', 'écran HP EliteDisplay E231', '', NULL, '', 0, '2017-07-10', 0, '', NULL, 1, '', 4, NULL, NULL, NULL, NULL, NULL, 1, 10, 1),
(384, '16-0006', 'écran HP EliteDisplay E231', '', NULL, '', 0, '2017-07-10', 0, '', NULL, 1, '', 4, NULL, NULL, NULL, NULL, NULL, 1, 10, 1),
(385, '16-0007', 'écran HP EliteDisplay E231', '', NULL, '', 0, '2017-07-10', 0, '', NULL, 1, '', 4, NULL, NULL, NULL, NULL, NULL, 1, 10, 1),
(386, '16-0008', 'écran HP EliteDisplay E231', '', NULL, '', 0, '2017-07-10', 0, '', NULL, 1, '', 4, NULL, NULL, NULL, NULL, NULL, 1, 10, 1),
(387, '16-0009', 'écran HP EliteDisplay E231', '', NULL, '', 0, '2017-07-10', 0, '', NULL, 1, '', 4, NULL, NULL, NULL, NULL, NULL, 1, 10, 1),
(388, '16-0010', 'écran HP EliteDisplay E241', '', NULL, '', 0, '2017-07-10', 0, '', NULL, 1, '', 4, NULL, NULL, NULL, NULL, NULL, 1, 10, 1),
(389, '16-0011', 'écran HP EliteDisplay E241', '', NULL, '', 0, '2017-07-10', 0, '', NULL, 1, '', 4, NULL, NULL, NULL, NULL, NULL, 1, 10, 1),
(390, '16-0012', 'écran HP EliteDisplay E241', '', NULL, '', 0, '2017-07-10', 0, '', NULL, 1, '', 4, NULL, NULL, NULL, NULL, NULL, 1, 10, 1),
(391, '16-0013', 'écran HP EliteDisplay E241', '', NULL, '', 0, '2017-07-10', 0, '', NULL, 1, '', 4, NULL, NULL, NULL, NULL, NULL, 1, 10, 1),
(392, '16-0014', 'HP ProBook 4525s ', '', NULL, '', 0, '2017-07-10', 0, '', NULL, 1, '', 4, NULL, NULL, NULL, NULL, NULL, 10, 10, 1),
(393, '16-0015', 'Câble Fibre optique 2m Avinity', '', NULL, '', 0, '2017-07-10', 0, '', NULL, 1, '', 4, NULL, NULL, NULL, NULL, NULL, 10, 10, 1),
(394, '16-0016', 'NAS DS415+ Synology Diskstation', '', NULL, '', 0, '2017-07-10', 0, '', NULL, 1, '', 4, NULL, NULL, NULL, NULL, NULL, 1, 10, 1),
(395, '16-0017', 'PC fixe Digitech gris Tharsis T80M.02 W10P', '', NULL, '', 0, '2017-07-10', 0, '', NULL, 1, '', 4, NULL, NULL, NULL, NULL, NULL, 3, 10, 1),
(396, '16-0018', 'PC fixe Digitech gris Tharsis T80M.02 W10P', '', NULL, '', 0, '2017-07-10', 0, '', NULL, 1, '', 4, NULL, NULL, NULL, NULL, NULL, 3, 10, 1),
(397, '16-0019', 'Casque audio Logitech Dialog-220', '', NULL, '', 0, '2017-07-10', 0, '', NULL, 1, '', 4, NULL, NULL, NULL, NULL, NULL, 11, 10, 1),
(398, '16-0020', 'Casque audio Logitech Dialog-220', '', NULL, '', 0, '2017-07-10', 0, '', NULL, 1, '', 4, NULL, NULL, NULL, NULL, NULL, 10, 10, 1),
(399, '16-0021', 'Casque audio Logitech Dialog-220', '', NULL, '', 0, '2017-07-10', 0, '', NULL, 1, '', 4, NULL, NULL, NULL, NULL, NULL, 11, 10, 1),
(400, '16-0022', 'SSD NOW300 Kingston 240 GB', '', NULL, '', 0, '2017-07-10', 0, '', NULL, 1, '', 4, NULL, NULL, NULL, NULL, NULL, 10, 40, 1),
(401, '16-0023', 'Transcend Premium Micro SD Adaptateur + MicroSD Card 64 GB', '', NULL, '', 0, '2017-07-10', 0, '', NULL, 1, '', 4, NULL, NULL, NULL, NULL, NULL, 10, 10, 1),
(402, '16-0024', 'Câble audio prises Jack-Jack noir', '', NULL, '', 0, '2017-07-10', 0, '', NULL, 1, '', 4, NULL, NULL, NULL, NULL, NULL, 11, 10, 1),
(403, '16-0025', 'Câble Thunderbolt (2m)', '', NULL, '', 0, '2017-07-10', 0, '', NULL, 1, '', 4, NULL, NULL, NULL, NULL, NULL, 11, 10, 1),
(404, '16-0026', 'Câble Firewire 800 (1,80m)', '', NULL, '', 0, '2017-07-10', 0, '', NULL, 1, '', 4, NULL, NULL, NULL, NULL, NULL, 11, 10, 1),
(405, '16-0027', 'Clé USB Kingston 16 GB Data Traveler SE9', '', NULL, '', 0, '2017-07-10', 0, '', NULL, 1, '', 4, NULL, NULL, NULL, NULL, NULL, 1, 10, 1),
(406, '16-0028', 'Clé USB Kingston 16 GB Data Traveler SE9', '', NULL, '', 0, '2017-07-10', 0, '', NULL, 1, '', 4, NULL, NULL, NULL, NULL, NULL, 1, 10, 1),
(407, '16-0029', 'Clé USB Kingston 16 GB Data Traveler SE9', '', NULL, '', 0, '2017-07-10', 0, '', NULL, 1, '', 4, NULL, NULL, NULL, NULL, NULL, 1, 10, 1),
(408, '16-0030', 'Clé USB Kingston 16 GB Data Traveler SE9', '', NULL, '', 0, '2017-07-10', 0, '', NULL, 1, '', 4, NULL, NULL, NULL, NULL, NULL, 1, 10, 1),
(409, '16-0031', 'Clé USB Kingston 16 GB Data Traveler SE9', '', NULL, '', 0, '2017-07-10', 0, '', NULL, 1, '', 4, NULL, NULL, NULL, NULL, NULL, 1, 10, 1),
(410, '16-0032', 'Clé USB Kingston 16 GB Data Traveler SE9', '', NULL, '', 0, '2017-07-10', 0, '', NULL, 1, '', 4, NULL, NULL, NULL, NULL, NULL, 1, 10, 1),
(411, '16-0033', 'Ecran Samsung S24E650PL', '', NULL, '', 0, '2017-07-10', 0, '', NULL, 1, '', 4, NULL, NULL, NULL, NULL, NULL, 3, 10, 1),
(412, '16-0034', 'Ecran Samsung S24E650PL', '', NULL, '', 0, '2017-07-10', 0, '', NULL, 1, '', 4, NULL, NULL, NULL, NULL, NULL, 3, 10, 1),
(413, '16-0035', 'Ecran Samsung S24E650PL', '', NULL, '', 0, '2017-07-10', 0, '', NULL, 1, '', 4, NULL, NULL, NULL, NULL, NULL, 3, 10, 1),
(414, '16-0036', 'Ecran Samsung S24E650PL', '', NULL, '', 0, '2017-07-10', 0, '', NULL, 1, '', 4, NULL, NULL, NULL, NULL, NULL, 10, 10, 1),
(415, '16-0037', 'Ecran Samsung S24E650PL', '', NULL, '', 0, '2017-07-10', 0, '', NULL, 1, '', 4, NULL, NULL, NULL, NULL, NULL, 10, 10, 1),
(416, '16-0038', 'imprimante Brother HL-1110', '', NULL, '', 0, '2017-07-10', 0, '', NULL, 1, '', 4, NULL, NULL, NULL, NULL, NULL, 10, 10, 1),
(417, '16-0039', 'Disque dur Lacie rugged mini 500 go', '', '20180125_0821241.jpg', '', 0, '2017-07-10', 0, '', NULL, 1, '', 4, NULL, NULL, NULL, NULL, NULL, 11, 10, 2),
(418, '16-0040', 'Disque dur Lacie rugged mini 500 go', '', '20180125_082124.jpg', '', 0, '2017-07-10', 0, '', NULL, 1, '', 4, NULL, NULL, NULL, NULL, NULL, 11, 10, 2),
(419, '16-0041', 'HP Micro serveur avec lecteur CD', '', NULL, '', 0, '2017-07-10', 0, '', NULL, 1, '', 4, NULL, NULL, NULL, NULL, NULL, 3, 10, 1),
(420, '16-0042', 'Satechi HUB USB 3.0 Aluminum', '', NULL, '', 0, '2017-07-10', 0, '', NULL, 1, '', 4, NULL, NULL, NULL, NULL, NULL, 1, 10, 1),
(421, '16-0043', 'USB 3.0 Type A (Câble)', '', NULL, '', 0, '2017-07-10', 0, '', NULL, 1, '', 4, NULL, NULL, NULL, NULL, NULL, 1, 10, 1),
(422, '16-1309', 'TP-LINK USB print Server', '', '20180125_1016321.jpg', '', 0, '2017-07-10', 0, '', NULL, 1, '', 4, NULL, NULL, NULL, NULL, NULL, 11, 10, 2),
(423, '16-1824', 'Adaptateur bluetooth 4.0 ASUS USB-BT400 ', '', NULL, '', 0, '2017-07-10', 0, '', NULL, 1, '', 4, NULL, NULL, NULL, NULL, NULL, 10, 10, 1),
(424, '17-0001', 'SSD Crucial MX-300', '', NULL, '', 0, '2017-07-10', 0, '', NULL, 1, '', 4, NULL, NULL, NULL, NULL, NULL, 10, 10, 1),
(425, '17-0002', 'Cisco airconnect (borne wifi)', '', NULL, '', 0, '2017-07-10', 0, '', NULL, 1, '', 4, NULL, NULL, NULL, NULL, NULL, 1, 10, 1),
(426, '17-0003', 'polycom (transformateur)', '', NULL, '', 0, '2017-07-10', 0, '', NULL, 1, '', 4, NULL, NULL, NULL, NULL, NULL, 1, 10, 1),
(427, '17-0004', 'Cisco airconnect (borne wifi)', '', NULL, '', 0, '2017-07-10', 0, '', NULL, 1, '', 4, NULL, NULL, NULL, NULL, NULL, 3, 10, 1),
(428, '17-0005', 'cisco system (transformateur)', '', NULL, '', 0, '2017-07-10', 0, '', NULL, 1, '', 4, NULL, NULL, NULL, NULL, NULL, 3, 10, 1),
(429, '17-0006', 'Cisco airconnect (borne wifi)', '', NULL, '', 0, '2017-07-10', 0, '', NULL, 1, '', 4, NULL, NULL, NULL, NULL, NULL, 1, 10, 1),
(430, '17-0007', 'Cisco (transformateur)', '', NULL, '', 0, '2017-07-10', 0, '', NULL, 1, '', 4, NULL, NULL, NULL, NULL, NULL, 3, 10, 1),
(431, '17-0008', 'Cisco airconnect (borne wifi)', '', NULL, '', 0, '2017-07-10', 0, '', NULL, 1, '', 4, NULL, NULL, NULL, NULL, NULL, 3, 10, 1),
(432, '17-0009', 'polycom (transformateur)', '', NULL, '', 0, '2017-07-10', 0, '', NULL, 1, '', 4, NULL, NULL, NULL, NULL, NULL, 3, 10, 1),
(433, '17-0010', 'Kit PC miniature ARDUINO UNO', '', NULL, '', 0, '2017-07-10', 0, '', NULL, 1, '', 4, NULL, NULL, NULL, NULL, NULL, 11, 10, 1),
(434, '17-0011', 'Kit PC miniature ARDUINO UNO', '', NULL, '', 0, '2017-07-10', 0, '', NULL, 1, '', 4, NULL, NULL, NULL, NULL, NULL, 11, 10, 1),
(435, '17-0012', 'KVM Switch \"Aten\" 2 ports USB+VGA', '', '20180116_1537032.jpg', '', 0, '2017-07-10', 0, '', NULL, 1, '', 4, NULL, NULL, NULL, NULL, NULL, 11, 10, 2),
(436, '17-0013', 'KVM Switch \"Aten\" 2 ports USB', '', NULL, '', 0, '2017-07-10', 0, '', NULL, 1, '', 4, NULL, NULL, NULL, NULL, NULL, 11, 10, 1),
(437, '17-0014', 'KVM Switch \"Aten\" 2 ports USB', '', '20180116_153703.jpg', '', 0, '2017-07-10', 0, '', NULL, 1, '', 4, NULL, NULL, NULL, NULL, NULL, 11, 10, 2),
(438, '17-0015', 'KVM Switch \"Aten\" 2 ports USB', '', NULL, '', 0, '2017-07-10', 0, '', NULL, 1, '', 4, NULL, NULL, NULL, NULL, NULL, 11, 10, 1),
(439, '17-0016', 'GoPro HERO 5 black + carte micro sd sandisk 32 gb', '', NULL, '', 0, '2017-07-10', 0, '', NULL, 1, '', 4, NULL, NULL, NULL, NULL, NULL, 1, 10, 1),
(440, '17-0017', 'd-link cloud ptz Camera + carte micro sd sandisk 32 gb', '', NULL, '', 0, '2017-07-10', 0, '', NULL, 1, '', 4, NULL, NULL, NULL, NULL, NULL, 10, 10, 1),
(441, '17-0018', 'Souris Logitech m705', '', NULL, '', 0, '2017-07-10', 0, '', NULL, 1, '', 4, NULL, NULL, NULL, NULL, NULL, 10, 10, 1),
(442, '17-0019', 'Acronis true image 2016', '', NULL, '', 0, '2017-07-10', 0, '', NULL, 1, '', 4, NULL, NULL, NULL, NULL, NULL, 1, 10, 1),
(443, '17-0020', 'Arduino ', '', NULL, '', 0, '2017-07-10', 0, '', NULL, 1, '', 4, NULL, NULL, NULL, NULL, NULL, 11, 10, 1),
(444, '17-0021', 'Casque philips hl145', '', '20180125_101736.jpg', '', 0, '2017-07-10', 0, '', NULL, 1, '', 4, NULL, NULL, NULL, NULL, NULL, 11, 10, 2),
(445, '17-0022', 'Disque lacie(orange)', '', NULL, '', 0, '2017-07-10', 0, '', NULL, 1, '', 4, NULL, NULL, NULL, NULL, NULL, 11, 10, 1),
(446, '17-0023', 'Usb printer TP-LINK', '', NULL, '', 0, '2017-07-10', 0, '', NULL, 1, '', 4, NULL, NULL, NULL, NULL, NULL, 11, 10, 1),
(447, 'PO11753', '\"PC portable HP HP 6560B\"', '', NULL, '', 0, '2017-07-10', 0, '', NULL, 1, '', 4, NULL, NULL, NULL, NULL, NULL, 7, 10, 1),
(448, '16-0044', 'adaptateur disque sata ide sharkoon', '', NULL, '', 0, '2017-07-10', 0, '', NULL, 1, '', 4, NULL, NULL, NULL, NULL, NULL, 11, 10, 1),
(449, '16-0045', 'adaptateur display port vers dvi', '', NULL, '', 0, '2017-07-10', 0, '', NULL, 1, '', 4, NULL, NULL, NULL, NULL, NULL, 10, 10, 1),
(450, '17-0024', 'PC Acer Aspire', '', NULL, '', 0, '2017-07-10', 0, '', NULL, 1, '', 4, NULL, NULL, NULL, NULL, NULL, 2, 10, 1),
(451, '11-6070', 'lacie ruger mini', '', NULL, '', 0, '2017-07-10', 0, '', NULL, 1, '', 4, NULL, NULL, NULL, NULL, NULL, 10, 10, 1),
(452, '08-2022', 'Switch Zixel10/100 ', '', 'DSCN06621.JPG', '', 0, '2017-07-10', 0, '                                            ', NULL, 1, '', 4, NULL, NULL, NULL, NULL, NULL, 10, 10, 1),
(453, '15-6053', 'Clavier bluetooth ultra slim Rapoo', '', NULL, '', 0, '2017-07-10', 0, '', NULL, 1, '', 4, NULL, NULL, NULL, NULL, NULL, 10, 10, 1),
(454, '13-5001', 'Disque dur interne 2,5p sata 250gb', '', NULL, '', 0, '2017-07-10', 0, '', NULL, 1, '', 4, NULL, NULL, NULL, NULL, NULL, 10, 10, 1),
(455, '14-0076', 'Routeur d-link 5 port + wlan', '', '20180116_153912.jpg', '', 0, '2017-07-10', 0, '', NULL, 1, '', 4, NULL, NULL, NULL, NULL, NULL, 11, 10, 3),
(456, '17-0025', 'Adaptateur pour disque dur Sharkoon', '', NULL, '', 0, '2017-07-10', 0, '', NULL, 1, '', 4, NULL, NULL, NULL, NULL, NULL, 11, 10, 1),
(457, '17-0026', 'Samsung Galaxy Tab A', 'Tablette Samsung Galaxy Tab A', '20180109_140103.jpg', 'R52H717B98V', 0, '2017-07-10', 0, '', NULL, 1, '', 4, NULL, NULL, NULL, NULL, NULL, 11, 10, 2),
(458, '17-0027', 'KVM Belkin Soho', '', NULL, '', 0, '2017-07-10', 0, '', NULL, 1, '', 4, NULL, NULL, NULL, NULL, NULL, 11, 10, 1),
(459, '17-0028', 'KVM Belkin Soho', '', NULL, '', 0, '2017-07-10', 0, '', NULL, 1, '', 4, NULL, NULL, NULL, NULL, NULL, 11, 10, 1),
(460, '06-2012', 'Carte Ethernet 10/100 (3COM)', '', NULL, '', 0, '2017-07-10', 0, '', NULL, 1, '', 4, NULL, NULL, NULL, NULL, NULL, 2, 10, 1),
(461, '14-9002', 'HP Micro serveur avec lecteur CD', '', NULL, '', 0, '2017-07-10', 0, '', NULL, 1, '', 4, NULL, NULL, NULL, NULL, NULL, 3, 10, 1),
(462, '17-0029', 'Accessoires GoPro', '', NULL, '', 0, '2017-07-10', 0, '', NULL, 1, '', 4, NULL, NULL, NULL, NULL, NULL, 11, 10, 1),
(463, '17-0030', 'D-Link HD Wi-Fi Day/Night Camera', '', NULL, '', 0, '2017-07-10', 0, '', NULL, 1, '', 4, NULL, NULL, NULL, NULL, NULL, 10, 10, 1),
(464, '17-0031', 'Logitech HD webcam C270', '', NULL, '', 0, '2017-07-10', 0, '', NULL, 1, '', 4, NULL, NULL, NULL, NULL, NULL, 10, 10, 1),
(465, '17-0032', 'Logitech HD webcam C270', '', NULL, '', 0, '2017-07-10', 0, '', NULL, 1, '', 4, NULL, NULL, NULL, NULL, NULL, 10, 10, 1),
(466, '17-0033', 'Webcam Logitech C170', '', '20180125_082436.jpg', '', 0, '2017-07-10', 0, '', NULL, 1, '', 4, NULL, NULL, NULL, NULL, NULL, 11, 10, 2),
(467, '00-0064', 'B-Key V. 2.0 FST', '', 'DSCN0615.JPG', '', 0, '0000-00-00', 0, '', NULL, 1, '', 3, NULL, NULL, NULL, NULL, NULL, 6, 10, 3),
(468, '00-0065', 'B-Key V. 2.5 FST', '', 'DSCN0619.JPG', '', 0, '0000-00-00', 0, '', NULL, 1, '', 3, NULL, NULL, NULL, NULL, NULL, 6, 10, 3),
(469, '1447', 'USB Bluetooth Asus BT400', '', 'DSCN04504.JPG', '', 0, '2017-07-11', 0, '', NULL, 1, '', 3, NULL, NULL, NULL, NULL, NULL, 6, 10, 3),
(470, '1702', 'USB Bluetooth Asus BT400', '', 'DSCN04505.JPG', '', 0, '2017-07-13', 0, '', NULL, 1, '', 3, NULL, NULL, NULL, NULL, NULL, 6, 10, 3),
(471, '4174', 'USB Bluetooth Asus BT400', '', 'DSCN04506.JPG', '', 0, '2017-07-13', 0, '', NULL, 1, '', 3, NULL, NULL, NULL, NULL, NULL, 6, 10, 3),
(472, '4172', 'USB Bluetooth Asus BT400', '', 'DSCN04507.JPG', '', 0, '2017-07-13', 0, '', NULL, 1, '', 3, NULL, NULL, NULL, NULL, NULL, 6, 10, 3),
(473, '0395', 'USB Bluetooth Asus BT400', '', 'DSCN04508.JPG', '', 0, '2017-07-13', 0, '', NULL, 1, '', 3, NULL, NULL, NULL, NULL, NULL, 6, 10, 3),
(474, '4180', 'USB Bluetooth Asus BT400', '', 'DSCN04509.JPG', '', 0, '2017-07-13', 0, '', NULL, 1, '', 3, NULL, NULL, NULL, NULL, NULL, 6, 10, 3),
(475, '1824', 'USB Bluetooth Asus BT400', '', 'DSCN0450.JPG', 'G9I001011824', 0, '2017-07-13', 0, '', NULL, 1, '', 3, NULL, NULL, NULL, NULL, NULL, 6, 10, 3),
(476, '5709', 'USB Bluetooth Asus BT400', '', 'DSCN045010.JPG', '', 0, '2017-07-13', 0, '', NULL, 1, '', 3, NULL, NULL, NULL, NULL, NULL, 6, 10, 3),
(477, '1797', 'USB Bluetooth Asus BT400', '', 'DSCN045011.JPG', '', 0, '2017-07-13', 0, '', NULL, 1, '', 3, NULL, NULL, NULL, NULL, NULL, 6, 10, 3),
(478, '6393', 'USB Bluetooth Asus BT400', '', 'DSCN045012.JPG', '', 0, '2017-07-13', 0, '', NULL, 1, '', 3, NULL, NULL, NULL, NULL, NULL, 6, 10, 3),
(479, '0995', 'USB Bluetooth Asus BT400', '', 'DSCN045013.JPG', 'G9I001010995', 0, '2017-07-13', 0, '', NULL, 1, '', 3, NULL, NULL, NULL, NULL, NULL, 6, 10, 3),
(480, '0993', 'USB Bluetooth Asus BT400', '', 'DSCN045014.JPG', 'G9I001010993', 0, '2017-07-13', 0, '', NULL, 1, '', 3, NULL, NULL, NULL, NULL, NULL, 6, 10, 3),
(481, '0989', 'USB Bluetooth Asus BT400', '', 'DSCN045015.JPG', '', 0, '2017-07-13', 0, '', NULL, 1, '', 3, NULL, NULL, NULL, NULL, NULL, 6, 10, 3),
(482, '0999', 'USB Bluetooth Asus BT400', '', 'DSCN04501.JPG', 'G9I001010999', 0, '2017-07-13', 0, '', NULL, 1, '', 3, NULL, NULL, NULL, NULL, NULL, 6, 10, 3),
(483, '0997', 'USB Bluetooth Asus BT400', '', 'DSCN045016.JPG', '', 0, '2017-07-13', 0, '', NULL, 1, '', 3, NULL, NULL, NULL, NULL, NULL, 6, 10, 3),
(484, '0983', 'USB Bluetooth Asus BT400', '', 'DSCN04502.JPG', 'G9I001010983', 0, '2017-07-13', 0, '', NULL, 1, '', 3, NULL, NULL, NULL, NULL, NULL, 6, 10, 3),
(485, '0987', 'USB Bluetooth Asus BT400', '', 'DSCN045017.JPG', '', 0, '2017-07-13', 0, '', NULL, 1, '', 3, NULL, NULL, NULL, NULL, NULL, 6, 10, 3),
(486, '0985', 'USB Bluetooth Asus BT400', '', 'DSCN045018.JPG', '', 0, '2017-07-13', 0, '', NULL, 1, '', 3, NULL, NULL, NULL, NULL, NULL, 6, 10, 3),
(487, '0982', 'USB Bluetooth Asus BT400', '', 'DSCN04503.JPG', 'G9I001010982', 0, '2017-07-13', 0, '', NULL, 1, '', 3, NULL, NULL, NULL, NULL, NULL, 6, 10, 3),
(488, '1840', 'USB Bluetooth Asus BT400', '', 'DSCN045019.JPG', '', 0, '2017-07-13', 0, '', NULL, 1, '', 3, NULL, NULL, NULL, NULL, NULL, 6, 10, 3),
(491, '00-0066', 'Souris TrackMan sans fil Logitech (droitier)', '', 'DSCN0487.JPG', 'LZ52471', 0, '2017-10-31', 0, 'La souris vient avec son récepteur (S/N: LNA52300575).', NULL, 1, '', 5, NULL, NULL, NULL, NULL, NULL, 6, 10, 3),
(493, '17-0040', 'iPad Pro', '12.9\", 256Go, Space Gray', 'iPad.jpg', 'sdlxvg23xhnd6', 979, '2017-10-31', 24, '', NULL, 1, '6344726', 2, NULL, NULL, NULL, NULL, NULL, 7, 10, 3),
(496, '00-0074', 'Pavé numérique Logitech', 'Pavé numérique sans fil', 'DSCN05241.JPG', 'DF00709EW', 0, '0000-00-00', 0, 'Manque l\'émetteur Logitech (clé USB)', NULL, 1, '', 5, NULL, NULL, NULL, NULL, NULL, 6, 30, 3),
(500, '09602', 'Clavier et souris sans fil + connecteur Bluetooth', '', 'DSCN05931.JPG', 'FX8474B', 0, '0000-00-00', 0, 'Viens avec deux piles supplémentaires dans la boite en plus de celles dans la souris.\r\nNuméro de série du connecteur LZ823AD. Numéro de série de la souris LZ824AN.', NULL, 1, '', 5, NULL, NULL, NULL, NULL, NULL, 6, 10, 3),
(501, '00-0085', 'Amplificateur pour combiné téléphonique', '', 'DSCN0620.JPG', '055795', 0, '0000-00-00', 0, '', NULL, 1, '', 5, NULL, NULL, NULL, NULL, NULL, 7, 10, 3),
(504, 'IM0412', 'Imprimante Laser N/B', '', 'DSCN0636.JPG', 'E65559L9J993701', 0, '0000-00-00', 0, '', NULL, 1, '', 5, NULL, NULL, NULL, NULL, NULL, 7, 10, 3),
(510, '13-601', 'Calculatrice/pavé numérique et souris Ortek sans fil', '', 'DSCN0610.JPG', '09000086', 0, '0000-00-00', 0, 'Numéro de série de la souris 09000047.', NULL, 1, '', 5, NULL, NULL, NULL, NULL, NULL, 6, 10, 3),
(511, '13-602', 'Calculatrice/pavé numérique et souris Ortek sans fil', '', 'DSCN06101.JPG', '09000053', 0, '0000-00-00', 0, 'Numéro de série de la souris 09000092. N\'a pas de pile dans la calculatrice.', NULL, 1, '', 5, NULL, NULL, NULL, NULL, NULL, 6, 10, 3),
(513, '05610', 'Hauts-parleurs Kyros 321 Xonic Gear', '', 'DSCN06231.JPG', '', 0, '0000-00-00', 0, 'Hauts-parleurs gauche, droit, milieu.', NULL, 1, '', 5, NULL, NULL, NULL, NULL, NULL, 7, 10, 3),
(515, '07-1020', 'Souris PC Apple', '', '20180125_083149.jpg', '', 0, '2018-01-25', 0, '', NULL, 1, '', 3, NULL, NULL, NULL, NULL, NULL, 11, 10, 2),
(516, '14-0082_2', 'Clavier plat Apple', '', NULL, '', 0, '2018-01-25', 0, '', NULL, 1, '', 3, NULL, NULL, NULL, NULL, NULL, 1, 10, 1),
(517, '05612', 'Hauts-parleurs Kyros 321 Xonic Gear', '', 'DSCN06232.JPG', '', 0, '0000-00-00', 0, 'Hauts-parleurs gauche, droit, milieu.\r\n-Pas trouvé par WiGe.', NULL, 1, '', 5, NULL, NULL, NULL, NULL, NULL, 7, 40, 3),
(518, '00-0041', 'Souris verticale Evoluent', '', 'DSCN04732.JPG', '', 0, '0000-00-00', 0, '-Pas trouvé par WiGe.', NULL, 1, '', 5, NULL, NULL, NULL, NULL, NULL, 6, 40, 3),
(520, '1487', 'USB Bluetooth Asus BT400', '', 'DSCN045020.JPG', 'D6I001001487', 0, '0000-00-00', 0, '', NULL, 1, '', 5, NULL, NULL, NULL, NULL, NULL, 6, 10, 3),
(521, '18-0001', 'WD RED 4To 5400RPM NAS ', 'Disque dur WD RED 4To à 5400RPM pour NAS SATA-III', '20180131_111251(0).jpg', '', 0, '2018-01-31', 0, '', NULL, 4, '', 3, NULL, NULL, NULL, NULL, NULL, 1, 10, 2),
(522, '18-0002', 'Polycom Bloc d\'alimentation 48V Output', '', '20180131_111428.jpg', '', 0, '2018-01-31', 0, '', NULL, 1, '', 3, NULL, NULL, NULL, NULL, NULL, 11, 10, 2),
(523, '18-0010', 'avo+ mini bluetooth headset ', '', 'IMG_20180207_073254.jpg', '26359', 19, '2018-02-07', 0, '                                                                                        ', NULL, 1, '', 8, NULL, NULL, NULL, NULL, NULL, 10, 10, 1),
(524, '18-0011', 'UE boom 2 ', 'Haut-parleurs', 'IMG_20180206_142242.jpg', '1721LZ02CP99', 0, '2018-02-07', 24, '                                                                                                                                    ', NULL, 1, '', 8, NULL, NULL, NULL, NULL, NULL, 10, 10, 1),
(525, '18-0003', 'Polycom Bloc d\'alimentation 48V Output', '', '20180131_1114281.jpg', '', 0, '2018-02-07', 0, '                                                                                        ', NULL, 1, '', 8, NULL, NULL, NULL, NULL, NULL, 11, 10, 2),
(526, '18-0008', 'USB-C Adapter Cable', '', 'IMG_20180207_152142.jpg', '', 0, '2018-02-07', 0, '                                            ', NULL, 1, '', 8, NULL, NULL, NULL, NULL, NULL, 10, 10, 1),
(527, '18-0009', 'USB-C Adapter Cable', '', 'IMG_20180207_1521421.jpg', '', 0, '2018-02-07', 0, '                                            ', NULL, 1, '', 8, NULL, NULL, NULL, NULL, NULL, 10, 10, 1),
(528, '18-0012', 'LaCie Rugged Mini Disque Dur Externe', '', 'IMG_20180207_152309.jpg', '', 0, '2018-02-07', 0, '                                            ', NULL, 1, '', 8, NULL, NULL, NULL, NULL, NULL, 10, 10, 1),
(529, '18-0004', 'Value câble USB 2.0', '', 'IMG_20180207_153523.jpg', '', 0, '2018-02-07', 0, '                                            ', NULL, 1, '', 8, NULL, NULL, NULL, NULL, NULL, 10, 10, 1),
(530, '18-0005', 'Value câble USB 2.0', '', 'IMG_20180207_1535231.jpg', '', 0, '2018-02-07', 0, '                                            ', NULL, 1, '', 8, NULL, NULL, NULL, NULL, NULL, 10, 10, 1),
(531, '18-0006', 'ALLBOT Expandable Robot System', '', 'IMG_20180207_152209.jpg', '', 0, '2018-02-07', 0, '                                            ', NULL, 1, '', 8, NULL, NULL, NULL, NULL, NULL, 10, 10, 1),
(532, '18-0007', 'Lenovo C2 android smartphone', '', 'Lenovo.png', 'HGB42QMM', 0, '2018-02-07', 0, '                                            ', NULL, 1, '', 8, NULL, NULL, NULL, NULL, NULL, 10, 10, 1),
(533, '18-0013', 'Clé USB Kingston 16GB ', '', 'IMG_20180208_084955.jpg', '', 0, '2018-02-08', 0, '                                                                                                                                                                                                                            ', NULL, 1, '', 8, NULL, NULL, NULL, NULL, NULL, 1, 10, 1),
(534, '18-0014', 'Clé USB Kingston 16GB', '', 'IMG_20180208_0849551.jpg', '', 0, '2018-02-08', 0, '                                                                                        ', NULL, 1, '', 8, NULL, NULL, NULL, NULL, NULL, 1, 10, 1),
(535, '18-0015', 'Clé USB Kingston 16GB', '', 'IMG_20180208_0849552.jpg', '', 0, '2018-02-08', 0, '                                                                                        ', NULL, 1, '', 8, NULL, NULL, NULL, NULL, NULL, 1, 10, 1),
(536, '18-0016', 'Clé USB Kingston 16GB', '', 'IMG_20180208_0849553.jpg', '', 0, '2018-02-08', 0, '                                            ', NULL, 1, '', 8, NULL, NULL, NULL, NULL, NULL, 1, 10, 1),
(537, '18-0017', 'Clé USB Kingston 16GB', '', 'IMG_20180208_0849554.jpg', '', 0, '2018-02-08', 0, '                                            ', NULL, 1, '', 8, NULL, NULL, NULL, NULL, NULL, 1, 10, 1),
(538, '14-6025', 'D-Link Hub USB', '', 'DSCN0664.JPG', 'DL4B1DA00442', 0, '2018-02-13', 0, '                                            ', NULL, 1, '', 8, NULL, NULL, NULL, NULL, NULL, 10, 10, 1),
(539, '14-6004', 'Clé USB Kingston Yosemite', '', 'DSCN0671.JPG', '', 0, '2018-02-13', 0, '                                            ', NULL, 1, '', 8, NULL, NULL, NULL, NULL, NULL, 10, 10, 1);

--
-- Contenu de la table `item_condition`
--

INSERT INTO `item_condition` (`item_condition_id`, `name`) VALUES
(10, 'Fonctionnel'),
(30, 'Défectueux'),
(40, 'Plus disponible');

--
-- Contenu de la table `item_group`
--

INSERT INTO `item_group` (`item_group_id`, `name`) VALUES
(1, 'Observation'),
(2, 'Formation'),
(3, 'Moyens auxiliaires'),
(4, 'Matériel de prêt');

--
-- Contenu de la table `item_tag`
--

INSERT INTO `item_tag` (`item_tag_id`, `name`) VALUES
(1, 'Ordinateur - Tablette'),
(2, 'Souris'),
(3, 'Clavier'),
(6, 'Imprimante'),
(7, 'Scanner'),
(8, 'Pavé numérique'),
(9, 'Macrolecteur'),
(10, 'Bras d\'écran'),
(11, 'Connecteur bluetooth'),
(12, 'Divers'),
(16, 'Beamer'),
(17, 'Logiciel - Licence'),
(18, 'Appareil Photo'),
(19, 'Périphériques de stockage'),
(20, 'Lecteur optique'),
(21, 'Outillage'),
(22, 'KVM (switch clavier-souris)'),
(23, 'Elément de réseau'),
(24, 'Alimentation - chargeur'),
(25, 'Périphériques audio'),
(26, 'Câbles');

--
-- Contenu de la table `item_tag_link`
--

INSERT INTO `item_tag_link` (`item_tag_link_id`, `item_tag_id`, `item_id`) VALUES
(51, 9, 85),
(226, 10, 99),
(227, 10, 100),
(228, 10, 101),
(229, 10, 102),
(230, 10, 103),
(231, 10, 104),
(232, 10, 105),
(233, 10, 106),
(234, 10, 107),
(235, 10, 108),
(236, 10, 109),
(237, 10, 110),
(238, 10, 111),
(239, 10, 112),
(240, 10, 113),
(244, 10, 96),
(245, 10, 97),
(247, 11, 475),
(248, 11, 482),
(249, 11, 484),
(250, 11, 487),
(251, 2, 78),
(252, 2, 72),
(253, 2, 73),
(254, 2, 74),
(256, 2, 79),
(262, 2, 71),
(263, 2, 59),
(264, 11, 469),
(265, 11, 470),
(266, 11, 471),
(267, 11, 472),
(268, 11, 473),
(269, 11, 474),
(270, 11, 476),
(271, 11, 477),
(272, 11, 478),
(275, 11, 481),
(276, 11, 483),
(277, 11, 485),
(278, 11, 486),
(279, 11, 488),
(285, 2, 62),
(287, 2, 65),
(288, 2, 61),
(300, 12, 325),
(301, 2, 54),
(303, 2, 55),
(306, 2, 491),
(307, 2, 57),
(309, 2, 58),
(311, 2, 70),
(312, 2, 69),
(313, 2, 64),
(319, 1, 493),
(320, 12, 493),
(359, 2, 36),
(360, 3, 36),
(369, 3, 39),
(371, 3, 41),
(372, 3, 42),
(373, 3, 43),
(374, 3, 44),
(375, 3, 46),
(376, 3, 47),
(377, 3, 51),
(378, 3, 50),
(379, 3, 48),
(380, 3, 45),
(381, 8, 30),
(392, 2, 66),
(393, 2, 67),
(401, 3, 37),
(404, 3, 49),
(409, 2, 500),
(410, 3, 500),
(417, 3, 1),
(423, 3, 2),
(424, 3, 3),
(427, 3, 5),
(430, 3, 4),
(443, 3, 9),
(444, 8, 9),
(451, 3, 10),
(452, 12, 501),
(469, 2, 11),
(470, 3, 11),
(484, 3, 14),
(485, 3, 15),
(487, 3, 16),
(489, 3, 17),
(490, 3, 18),
(494, 3, 19),
(495, 3, 20),
(497, 3, 21),
(500, 2, 22),
(501, 3, 22),
(502, 2, 23),
(503, 3, 23),
(510, 2, 6),
(511, 3, 6),
(512, 8, 6),
(513, 2, 7),
(514, 3, 7),
(515, 8, 7),
(516, 2, 12),
(517, 3, 12),
(518, 2, 13),
(519, 3, 13),
(520, 17, 146),
(521, 3, 24),
(522, 3, 25),
(523, 3, 26),
(525, 3, 27),
(527, 8, 28),
(529, 6, 504),
(530, 8, 29),
(532, 8, 31),
(533, 8, 32),
(539, 7, 275),
(542, 7, 274),
(543, 7, 269),
(545, 18, 272),
(546, 16, 147),
(547, 16, 271),
(554, 17, 467),
(555, 17, 468),
(558, 8, 511),
(559, 8, 510),
(560, 9, 86),
(561, 9, 92),
(563, 9, 93),
(568, 9, 91),
(569, 9, 87),
(576, 3, 34),
(577, 12, 273),
(578, 8, 496),
(580, 12, 276),
(581, 12, 513),
(583, 3, 40),
(584, 3, 38),
(588, 9, 84),
(593, 19, 179),
(595, 1, 181),
(596, 21, 170),
(597, 1, 457),
(603, 23, 173),
(604, 23, 197),
(608, 7, 212),
(609, 23, 156),
(611, 22, 219),
(614, 23, 455),
(616, 22, 437),
(618, 23, 157),
(620, 22, 435),
(621, 22, 282),
(622, 22, 281),
(623, 22, 283),
(626, 1, 52),
(637, 2, 33),
(638, 3, 33),
(639, 8, 33),
(640, 3, 8),
(641, 8, 8),
(645, 12, 207),
(647, 2, 515),
(649, 9, 90),
(651, 9, 88),
(653, 9, 95),
(654, 9, 94),
(655, 9, 89),
(657, 12, 517),
(659, 2, 63),
(660, 2, 518),
(662, 2, 77),
(664, 2, 75),
(666, 10, 98),
(667, 10, 114),
(668, 11, 479),
(669, 11, 480),
(670, 11, 520),
(675, 11, 166),
(676, 19, 521),
(677, 24, 522),
(678, 12, 198),
(680, 12, 422),
(681, 18, 266),
(683, 12, 332),
(684, 22, 301),
(685, 21, 330),
(686, 23, 205),
(687, 19, 418),
(688, 19, 417),
(689, 11, 152),
(690, 25, 444),
(693, 12, 303),
(694, 12, 302),
(696, 12, 311),
(697, 12, 296),
(698, 12, 345),
(699, 12, 316),
(700, 12, 371),
(701, 12, 250),
(703, 12, 251),
(704, 12, 246),
(705, 12, 247),
(706, 12, 248),
(708, 12, 249),
(710, 12, 245),
(711, 18, 466),
(712, 2, 56),
(713, 1, 53),
(715, 12, 310),
(716, 7, 374),
(720, 25, 523),
(721, 25, 524),
(722, 24, 525),
(723, 26, 526),
(724, 26, 527),
(725, 19, 528),
(726, 26, 529),
(727, 26, 530),
(728, 12, 531),
(729, 1, 532),
(736, 19, 533),
(737, 19, 534),
(738, 19, 535),
(739, 19, 536),
(740, 19, 537),
(744, 12, 347),
(745, 20, 347),
(746, 20, 240),
(747, 20, 239),
(748, 1, 148),
(749, 20, 231),
(750, 12, 538),
(751, 12, 175),
(752, 20, 228);

--
-- Contenu de la table `loan`
--

INSERT INTO `loan` (`loan_id`, `date`, `item_localisation`, `remarks`, `planned_return_date`, `real_return_date`, `item_id`, `loan_by_user_id`, `loan_to_user_id`) VALUES
(1, '2017-11-09', 'Martins Mendes Domingos (Orif Pomy, bureau-co', NULL, '2020-07-31', NULL, 493, 1, 1),
(2, '2017-11-23', 'Section SIBEC. Poste OR160549 (avec pavé numérique)', NULL, NULL, '2018-02-06', 8, 1, 1),
(3, '2017-12-08', 'Section Réception. Poste OR160540. Laura Dant', NULL, '2017-12-08', NULL, 34, 1, 1),
(4, '2017-12-21', 'C12(Chamard), OR150143, M.Humbert-Draw', NULL, NULL, NULL, 38, 1, 1),
(5, '2018-01-18', 'Stéphanie Kessler, psychologue en orientation', NULL, NULL, NULL, 53, 1, 1),
(6, '2018-01-10', 'SIBEC, OR170465', NULL, NULL, NULL, 468, 1, 1),
(7, '2018-01-30', 'Section Réception.', NULL, NULL, NULL, 89, 1, 1),
(8, '2018-01-30', 'Section Réception. Poste OR170468.', NULL, NULL, NULL, 94, 1, 1),
(9, '2018-01-30', 'Christine Metraux', NULL, '2018-01-30', NULL, 56, 1, 1),
(10, '2018-01-30', 'Section Secretariat Médical. Poste OR141018. ', NULL, NULL, NULL, 74, 1, 1),
(11, '2018-01-30', 'Section Réception.', NULL, NULL, NULL, 99, 1, 1),
(12, '2018-01-30', 'Section Réception.', NULL, NULL, NULL, 100, 1, 1),
(13, '2018-01-30', 'Section Réception.', NULL, NULL, NULL, 101, 1, 1),
(14, '2018-01-30', 'Section SIBEC.', NULL, NULL, NULL, 102, 1, 1),
(15, '2018-01-30', 'Section SIBEC.', NULL, NULL, NULL, 103, 1, 1),
(16, '2018-01-30', 'Section SIBEC.', NULL, NULL, NULL, 104, 1, 1),
(17, '2018-01-30', 'Section SIBEC.', NULL, NULL, NULL, 105, 1, 1),
(18, '2018-01-30', 'Section Pro Pulsion.', NULL, NULL, NULL, 106, 1, 1),
(19, '2018-01-30', 'Section Secrétariat.', NULL, NULL, NULL, 107, 1, 1),
(20, '2018-01-30', 'Salle Rez Inf 2.', NULL, NULL, NULL, 108, 1, 1),
(21, '2018-01-30', 'Salle Rez Inf 2.', NULL, NULL, NULL, 109, 1, 1),
(23, '2018-01-31', 'SIBEC, OR170434', NULL, NULL, NULL, 87, 1, 1),
(24, '2018-02-01', 'Desk réception, OR160596', NULL, NULL, NULL, 88, 1, 1),
(25, '2018-02-06', 'Propulsion, OR150205 (avec pavé numérique)', NULL, NULL, NULL, 8, 1, 1),
(26, '2018-02-08', '', NULL, NULL, NULL, 533, 1, 1),
(27, '2018-02-08', '', NULL, NULL, NULL, 534, 1, 1),
(28, '2018-02-08', '', NULL, NULL, NULL, 535, 1, 1),
(29, '2018-02-08', '', NULL, NULL, NULL, 536, 1, 1),
(30, '2018-02-08', '', NULL, NULL, NULL, 537, 1, 1),
(31, '2018-02-13', 'RT', NULL, '2018-02-13', '2018-02-13', 231, 1, 1);

--
-- Contenu de la table `stocking_place`
--

INSERT INTO `stocking_place` (`stocking_place_id`, `name`, `short`) VALUES
(1, 'Salle Info', 'INFO'),
(2, 'Atelier1', 'AT01'),
(3, 'Atelier2', 'AT02'),
(6, 'Armoire 36', 'ARM36'),
(7, 'Armoire 35', 'ARM35'),
(8, 'Armoire 34', 'ARM34'),
(9, 'Logiciel Téléchargeable', 'SOFTWARE'),
(10, 'Armoire 1 (Infobs)', 'ARM1IB'),
(11, 'Armoire 2 (Formation)', 'ARM2FO');

--
-- Contenu de la table `supplier`
--

INSERT INTO `supplier` (`supplier_id`, `name`, `address_line1`, `address_line2`, `zip`, `city`, `country`, `tel`, `email`) VALUES
(1, 'Inconnu', '', '', '', '', NULL, '', ''),
(2, 'ARP Suisse SA', 'Avenue de la Gottaz 28', '', '1110', 'Morges', NULL, '041 799 09 09', ''),
(3, 'Accesstech AG', 'Bürgenstrasse 12', '', '6005', 'Luzern', NULL, '032 725 32 25', 'info@accesstech.ch'),
(4, 'Digitec Galaxus AG', 'Pfingstweidstrasse 60b', '', '8005', 'Zürich', NULL, '+41 44 575 96 00', 'd2b@digitec.ch'),
(5, 'FST (Fondation Suisse pour les Téléthèses)', 'c/o Julien Torrent', 'Rue des Charmettes 10c', '2000', 'Neuchâtel', NULL, '032 732 97 77', 'torrent@fst.ch'),
(6, 'Distrelec Group AG', 'Grabenstrasse 6', '', '8606', 'Nänikon', NULL, '044 944 99 22', 'info@distrelec.com'),
(7, 'SIT - Service informatique de l\'Orif', 'Z.I. Le Trési 9 B', '', '1028', 'Préverenges', NULL, '058 300 31 11', '');

--
-- Contenu de la table `user`
--

INSERT INTO `user` (`user_id`, `lastname`, `firstname`, `username`, `password`, `email`, `created_date`, `user_type_id`, `is_active`) VALUES
(1, 'Orif', 'invité', 'orif', '$2y$10$MnRW5O.3LSHmoTSFA2YA9OWy0zNGInULQ5dsKVjxmhtmNZYNVa222', NULL, '0000-00-00 00:00:00', 1, 1),
(2, 'Orif', 'administrateur', 'admin', '$2y$10$t0Xp/a8NXHTDlfdEdI4Gueo3/GhVLCkxSPIaegq/NzwCH7gD92I96', NULL, '0000-00-00 00:00:00', 5, 1),
(3, 'Leiser', 'Jeremy', 'leje', '$2y$10$9L0NCXgbxG9B2RFOocqpluLKfKFzdzd/Vq/hrtFvfPQH4GFgyukHq', 'jeremy.leiser@formation.orif.ch', '0000-00-00 00:00:00', 3, 1),
(4, 'Taillard', 'Emile', 'TaEm', '$2y$10$szfepZz3LsyTbwPTkqV6o.wVeAffN7penuzbrEIX.fHJtBYpdTFrG', 'emile.taillard@formation.orif.ch', '0000-00-00 00:00:00', 3, 1),
(5, 'Wildi', 'Geoffroy', 'WiGe', '$2y$10$SOknJWP1PV00.rlftZMwm.4kfAHuTL.0jWNJAhGUOQRBoPwLv.jE6', 'geoffroylothar.wildi@formation.orif.ch', '0000-00-00 00:00:00', 3, 1),
(6, 'Doutaz', 'Gilles', 'DoGi', '$2y$10$nui1KI4sn0U54TpcURUll.XqF0XfJeEnPfNieVHjgHtUNXjD0vaVu', 'GillesChristophe.Doutaz@formation.orif.ch', '0000-00-00 00:00:00', 3, 1),
(7, 'Thoenen', 'Bryan', 'ThBr', '$2y$10$NfSBxzCIz/IygYibBQSopOvTyXmT17sT2Nf5BMGBcCn/EPcqS/jh2', 'bryanjoyce.thoenen@formation.orif.ch', '0000-00-00 00:00:00', 3, 1),
(8, 'Mury', 'Valentin', 'MuVa', '$2y$10$hQFtf72Pn2PbaqWY4PMxJOVmN7oBM50aSkth9H36qeBmY38Ve.qce', 'valentin.mury@formation.orif.ch', '0000-00-00 00:00:00', 3, 1);

--
-- Contenu de la table `user_type`
--

INSERT INTO `user_type` (`user_type_id`, `name`, `access_level`) VALUES
(1, 'Invite', 1),
(2, 'Observation', 2),
(3, 'Formation', 4),
(4, 'MSP', 8),
(5, 'Administrateur', 16);
SET FOREIGN_KEY_CHECKS=1;

/*!40101 SET CHARACTER_SET_CLIENT=@OLD_CHARACTER_SET_CLIENT */;
/*!40101 SET CHARACTER_SET_RESULTS=@OLD_CHARACTER_SET_RESULTS */;
/*!40101 SET COLLATION_CONNECTION=@OLD_COLLATION_CONNECTION */;
